"Rk,Player,SCA,SCA90,PassLive,PassDead,Drib,Sh,GCA,GCA90,PassLive,PassDead,Drib,Sh"
"1,Patrick van Aanholt\5f09991f,26,1.32,22,3,1,0,3,0.15,2,1,0,0"
"2,Tammy Abraham\f586779e,18,1.56,11,0,1,3,2,0.17,1,0,0,0"
"3,Che Adams\f2bf1b0f,66,2.23,48,0,1,6,8,0.27,7,0,0,0"
"4,Tosin Adarabioyo\c81d773d,17,0.52,16,0,0,1,1,0.03,1,0,0,0"
"5,Adrián\f76e6b4e,0,0.00,0,0,0,0,0,0.00,0,0,0,0"
"6,Sergio Agüero\4d034881,16,2.58,13,0,2,0,3,0.48,2,0,1,0"
"7,Ola Aina\246d153b,26,0.88,22,2,0,0,4,0.14,4,0,0,0"
"8,Rayan Aït Nouri\9b398aea,30,1.92,19,3,7,0,2,0.13,1,0,1,0"
"9,Semi Ajayi\d6192210,14,0.45,11,0,2,1,3,0.10,2,0,0,1"
"10,Nathan Aké\eaeca114,3,0.34,2,0,0,0,0,0.00,0,0,0,0"
"11,Marc Albrighton\b827d5b3,71,3.66,53,5,4,1,11,0.57,7,2,0,1"
"12,Thiago Alcántara\77e84962,61,2.96,51,2,3,2,2,0.10,2,0,0,0"
"13,Toby Alderweireld\f7d50789,19,0.76,16,0,0,3,3,0.12,3,0,0,0"
"14,Rúnar Alex Rúnarsson\8fa8f8d2,0,0.00,0,0,0,0,0,0.00,0,0,0,0"
"15,Trent Alexander-Arnold\cd1acf9d,123,3.65,78,32,7,6,13,0.39,10,2,0,1"
"16,Ezgjan Alioski\1a7fcf39,57,2.08,49,3,0,3,6,0.22,4,1,0,1"
"17,Alisson\7a2e46a8,5,0.15,5,0,0,0,0,0.00,0,0,0,0"
"18,Allan\cc700722,38,1.67,32,0,4,1,2,0.09,2,0,0,0"
"19,Dele Alli\cea4ee8f,22,3.19,18,0,0,1,3,0.44,2,0,0,1"
"20,Miguel Almirón\862a1c15,63,2.33,47,1,6,3,4,0.15,3,0,0,1"
"21,Marcos Alonso\f4290206,33,3.09,24,2,0,5,2,0.19,1,0,0,1"
"22,Steven Alzate\ad1f61f3,25,2.51,20,1,1,3,1,0.10,1,0,0,0"
"23,Daniel Amartey\1a4ef233,5,0.62,5,0,0,0,0,0.00,0,0,0,0"
"24,Ethan Ampadu\10b9fa99,15,0.65,13,1,0,0,0,0.00,0,0,0,0"
"25,Joachim Andersen\e34fc66d,26,0.86,24,0,0,1,2,0.07,2,0,0,0"
"26,Elliot Anderson\de31038e,0,0.00,0,0,0,0,0,0.00,0,0,0,0"
"27,Felipe Anderson\9f1893b9,0,0.00,0,0,0,0,0,0.00,0,0,0,0"
"28,Michail Antonio\ac05f970,65,2.96,34,1,8,7,11,0.50,5,1,0,2"
"29,Alphonse Areola\2f965a72,1,0.03,0,1,0,0,0,0.00,0,0,0,0"
"30,Stuart Armstrong\97333cf5,82,2.67,58,3,6,5,15,0.49,7,0,2,3"
"31,Kepa Arrizabalaga\28d596a0,1,0.15,1,0,0,0,0,0.00,0,0,0,0"
"32,Pierre-Emerick Aubameyang\d5dd5f1f,45,1.74,36,0,4,2,7,0.27,6,0,1,0"
"33,Serge Aurier\5c2b4f07,34,1.91,23,0,4,3,4,0.22,3,0,1,0"
"34,Charlie Austin\8d228291,1,0.65,0,0,1,0,0,0.00,0,0,0,0"
"35,Jordan Ayew\da052c14,33,1.42,23,0,2,2,7,0.30,5,0,0,1"
"36,Luke Ayling\420d7c7d,49,1.30,38,2,3,2,4,0.11,4,0,0,0"
"37,César Azpilicueta\53cad200,42,1.73,40,1,0,0,4,0.16,4,0,0,0"
"38,Eric Bailly\a1232f4e,3,0.29,3,0,0,0,1,0.10,1,0,0,0"
"39,Fabián Balbuena\3626f7d9,2,0.15,2,0,0,0,0,0.00,0,0,0,0"
"40,George Baldock\394854c4,32,1.03,27,0,1,3,2,0.06,1,0,0,1"
"41,Gareth Bale\a58bb1e1,45,4.40,24,7,8,3,5,0.49,2,1,0,2"
"42,Patrick Bamford\93feac6e,60,1.77,41,0,5,6,17,0.50,9,0,2,2"
"43,Phil Bardsley\1ae30132,3,0.99,1,0,1,0,0,0.00,0,0,0,0"
"44,Ross Barkley\3a24769f,75,4.41,43,20,9,1,5,0.29,3,1,0,0"
"45,Ross Barkley\3a24769f,3,6.43,2,0,1,0,0,0.00,0,0,0,0"
"46,Ashley Barnes\2691c772,36,2.43,25,0,0,5,2,0.14,0,0,0,1"
"47,Harvey Barnes\3ea50f67,68,3.15,44,0,8,7,8,0.37,5,0,2,0"
"48,Kyle Bartley\18e96f64,9,0.31,7,0,0,2,1,0.03,1,0,0,0"
"49,Chris Basham\1aa84968,22,0.77,18,0,2,0,1,0.03,1,0,0,0"
"50,Michy Batshuayi\2973d8ff,20,2.47,13,1,4,0,2,0.25,1,0,0,0"
"51,Jan Bednarek\4115ce4e,14,0.41,12,1,0,1,2,0.06,2,0,0,0"
"52,Donny van de Beek\50dc94ce,12,2.06,10,0,1,0,2,0.34,1,0,0,0"
"53,Héctor Bellerín\f874dd44,41,1.77,37,1,0,2,7,0.30,6,0,0,0"
"54,Saïd Benrahma\5a04fd92,55,3.56,49,0,3,1,9,0.58,9,0,0,0"
"55,Josh Benson\bf3aeb61,1,0.34,1,0,0,0,0,0.00,0,0,0,0"
"56,Christian Benteke\ab070c55,38,1.88,29,0,3,2,5,0.25,2,0,1,0"
"57,Gaetano Berardi\5348aada,1,0.80,0,0,0,1,0,0.00,0,0,0,0"
"58,Jóhann Berg Guðmundsson\f72293fc,27,1.78,22,1,0,1,0,0.00,0,0,0,0"
"59,Sander Berge\d0b6129f,24,1.93,20,0,2,1,1,0.08,0,0,0,1"
"60,Steven Bergwijn\a29b1131,33,2.46,24,1,0,2,6,0.45,3,0,0,1"
"61,Bernard\ab4b3e35,17,3.36,15,0,1,0,1,0.20,1,0,0,0"
"62,Bernardo\17370b95,4,1.75,2,0,0,2,0,0.00,0,0,0,0"
"63,Ryan Bertrand\01226327,33,1.14,21,10,0,0,3,0.10,2,0,0,0"
"64,Yves Bissouma\6c203af0,52,1.50,42,0,1,2,2,0.06,2,0,0,0"
"65,Jayden Bogle\ae5019e6,11,0.89,6,1,3,0,1,0.08,0,0,1,0"
"66,Willy Boly\a4ac4b8f,11,0.53,9,0,0,2,1,0.05,1,0,0,0"
"67,Jarrod Bowen\79c84d1c,78,2.74,44,11,4,10,11,0.39,6,3,0,2"
"68,Robbie Brady\96bb8cc2,17,1.45,12,2,0,2,1,0.09,0,1,0,0"
"69,Rhian Brewster\30e81a88,22,1.76,16,0,0,4,0,0.00,0,0,0,0"
"70,Nathan Broadhead\43309491,0,0.00,0,0,0,0,0,0.00,0,0,0,0"
"71,Josh Brownhill\47369df8,46,1.47,34,0,2,2,1,0.03,1,0,0,0"
"72,Joe Bryan\af69e7f0,19,2.56,11,3,2,2,1,0.13,0,0,0,0"
"73,Kean Bryan\c684d3c9,5,0.45,5,0,0,0,0,0.00,0,0,0,0"
"74,Oliver Burke\f631c17f,28,1.99,18,0,6,2,1,0.07,1,0,0,0"
"75,Dan Burn\b2d31e83,20,0.87,19,0,0,1,1,0.04,0,0,0,1"
"76,Jack Butland\cc70a1d5,0,0.00,0,0,0,0,0,0.00,0,0,0,0"
"77,David Button\e608ed4c,0,0.00,0,0,0,0,0,0.00,0,0,0,0"
"78,Oskar Buur\aa6f2f2c,0,0.00,0,0,0,0,0,0.00,0,0,0,0"
"79,Willy Caballero\a179d516,0,0.00,0,0,0,0,0,0.00,0,0,0,0"
"80,Gary Cahill\7914b9fe,12,0.60,12,0,0,0,2,0.10,2,0,0,0"
"81,Tom Cairney\a8748947,35,4.15,21,8,3,1,2,0.24,2,0,0,0"
"82,Dominic Calvert-Lewin\59e6e5bf,50,1.57,31,0,2,6,9,0.28,2,0,0,5"
"83,João Cancelo\bd6351cd,71,2.78,57,5,7,1,10,0.39,7,1,0,1"
"84,Ian Carlo Poveda\55b4f1d6,9,2.28,6,0,3,0,0,0.00,0,0,0,0"
"85,Andy Carroll\b581987a,9,2.07,5,0,1,1,1,0.23,1,0,0,0"
"86,Scott Carson\3e1550ee,0,0.00,0,0,0,0,0,0.00,0,0,0,0"
"87,Fabio Carvalho\966e28d0,5,1.76,3,0,1,0,0,0.00,0,0,0,0"
"88,Matty Cash\2389cdc2,33,1.25,25,4,2,0,2,0.08,2,0,0,0"
"89,Kiko Casilla\58bc7d18,1,0.33,1,0,0,0,0,0.00,0,0,0,0"
"90,Timothy Castagne\197640fd,41,1.57,37,2,0,0,3,0.12,3,0,0,0"
"91,Jonny Castro\e28868f3,6,1.09,6,0,0,0,0,0.00,0,0,0,0"
"92,Ivan Cavaleiro\979b811d,72,2.62,48,14,3,3,1,0.04,1,0,0,0"
"93,Edinson Cavani\527f063d,34,2.23,24,0,2,4,4,0.26,3,0,0,1"
"94,Dani Ceballos\c0617e2b,55,3.07,48,3,1,1,5,0.28,4,0,0,1"
"95,Calum Chambers\dc6f5bdd,16,1.91,15,0,0,1,2,0.24,2,0,0,0"
"96,Ben Chilwell\d2424d1b,57,2.24,36,12,1,3,9,0.35,8,0,0,0"
"97,Hamza Choudhury\7d2d3329,3,0.85,2,0,0,1,1,0.28,1,0,0,0"
"98,Andreas Christensen\1cb49278,9,0.59,9,0,0,0,1,0.07,1,0,0,0"
"99,Carney Chukwuemeka\b2f9c73e,0,0.00,0,0,0,0,0,0.00,0,0,0,0"
"100,Ciaran Clark\2b91cf8e,6,0.29,6,0,0,0,0,0.00,0,0,0,0"
"101,Nathaniel Clyne\0442183b,7,0.55,5,1,0,1,1,0.08,1,0,0,0"
"102,Conor Coady\2928dca2,9,0.25,7,0,0,1,0,0.00,0,0,0,0"
"103,Séamus Coleman\0420d84f,33,1.84,24,1,4,1,5,0.28,4,0,0,0"
"104,Aaron Connolly\27c01749,12,1.37,7,0,3,0,1,0.11,1,0,0,0"
"105,Liam Cooper\dc64b8b3,14,0.58,9,0,0,3,2,0.08,2,0,0,0"
"106,Theo Corbeanu\25b82f9a,1,10.00,1,0,0,0,0,0.00,0,0,0,0"
"107,Jack Cork\74e12f1e,18,1.20,16,0,0,1,1,0.07,1,0,0,0"
"108,Hélder Costa\f13d02a6,21,1.63,15,0,2,1,6,0.47,5,0,0,0"
"109,Vladimír Coufal\fdf3cb77,71,2.09,54,11,1,2,7,0.21,7,0,0,0"
"110,Aaron Cresswell\4f974391,96,2.73,48,41,1,4,14,0.40,5,6,0,2"
"111,Patrick Cutrone\a4fe8cda,0,0.00,0,0,0,0,0,0.00,0,0,0,0"
"112,Stuart Dallas\67ca8566,74,1.95,63,2,4,3,6,0.16,6,0,0,0"
"113,Scott Dann\52105203,5,0.33,4,0,0,0,0,0.00,0,0,0,0"
"114,Karl Darlow\cde3309f,3,0.12,1,2,0,0,1,0.04,1,0,0,0"
"115,Ben Davies\44781702,17,1.14,12,0,1,0,4,0.27,2,0,1,0"
"116,Tom Davies\9228b07c,21,1.33,20,0,1,0,2,0.13,2,0,0,0"
"117,Keinan Davis\9deaf2c8,15,4.87,8,0,3,2,2,0.65,1,0,0,0"
"118,Leif Davis\8574c61f,1,2.73,1,0,0,0,0,0.00,0,0,0,0"
"119,Craig Dawson\3e9e06cb,8,0.37,5,1,0,1,0,0.00,0,0,0,0"
"120,Kevin De Bruyne\e46012d4,142,6.40,95,24,7,4,19,0.86,15,0,2,0"
"121,Liam Delap\dd897ee7,0,0.00,0,0,0,0,0,0.00,0,0,0,0"
"122,Fabian Delph\111c3236,3,1.02,2,1,0,0,0,0.00,0,0,0,0"
"123,Leander Dendoncker\5a7301ae,43,1.55,36,1,1,3,6,0.22,4,0,0,2"
"124,Mbaye Diagne\dda3969e,28,2.12,20,1,1,1,7,0.53,4,0,0,1"
"125,Amad Diallo\9dc96f10,2,1.08,2,0,0,0,1,0.54,1,0,0,0"
"126,Ibrahima Diallo\11ff3d56,18,1.59,15,0,0,1,1,0.09,1,0,0,0"
"127,Grady Diangana\f522d7ec,20,1.46,12,1,1,3,1,0.07,1,0,0,0"
"128,Raphael Dias Belloli\3423f250,109,4.16,62,26,10,4,14,0.53,8,3,1,2"
"129,Rúben Dias\31c69ef1,21,0.66,19,0,0,1,2,0.06,1,0,0,1"
"130,Eric Dier\ac861941,16,0.57,14,0,0,1,0,0.00,0,0,0,0"
"131,Lucas Digne\1b84dbe1,70,2.35,49,17,0,2,11,0.37,6,3,0,2"
"132,Virgil van Dijk\e06683ca,1,0.24,1,0,0,0,0,0.00,0,0,0,0"
"133,Issa Diop\a712ca2b,4,0.26,4,0,0,0,1,0.07,1,0,0,0"
"134,Moussa Djenepo\254147d4,31,2.25,15,0,10,1,4,0.29,1,0,2,0"
"135,Matt Doherty\d557d734,22,1.60,18,1,1,0,2,0.15,2,0,0,0"
"136,Gabriel Dos Santos\67ac5bb8,10,0.45,6,1,1,2,0,0.00,0,0,0,0"
"137,Abdoulaye Doucouré\02b29014,41,1.51,36,1,1,1,5,0.18,5,0,0,0"
"138,Martin Dúbravka\3a949a25,0,0.00,0,0,0,0,0,0.00,0,0,0,0"
"139,Paul Dummett\3fe6bd8c,5,0.36,5,0,0,0,1,0.07,1,0,0,0"
"140,Lewis Dunk\282f75f3,19,0.58,14,1,0,4,0,0.00,0,0,0,0"
"141,Jimmy Dunne\1fdfd6da,3,1.00,3,0,0,0,0,0.00,0,0,0,0"
"142,Ederson\3bb7b8b4,5,0.14,4,1,0,0,1,0.03,1,0,0,0"
"143,Kyle Edwards\1566e437,1,0.76,1,0,0,0,0,0.00,0,0,0,0"
"144,John Egan\debe38a0,13,0.45,12,0,0,0,1,0.03,1,0,0,0"
"145,Anthony Elanga\2fba6108,2,1.16,1,0,1,0,0,0.00,0,0,0,0"
"146,Ahmed Elmohamady\615ef733,21,2.25,18,1,0,1,1,0.11,0,1,0,0"
"147,Mohamed Elneny\47a34c4f,16,0.93,13,0,1,1,0,0.00,0,0,0,0"
"148,Jonny Evans\f8fcd2a5,14,0.51,14,0,0,0,4,0.15,4,0,0,0"
"149,Eberechi Eze\ae4fc6a4,83,2.92,48,13,10,2,12,0.42,4,2,4,1"
"150,?ukasz Fabia?ski\9328b835,1,0.03,0,1,0,0,0,0.00,0,0,0,0"
"151,Fabinho\7f3b388c,23,0.81,20,0,0,0,4,0.14,3,0,0,0"
"152,Bruno Fernandes\507c7bdf,168,4.88,121,22,4,10,27,0.78,23,2,0,2"
"153,Federico Fernández\f25b010f,11,0.48,9,2,0,0,0,0.00,0,0,0,0"
"154,Fernandinho\101da2b5,29,2.20,21,0,3,0,3,0.23,2,0,0,0"
"155,Sam Field\bd8a7d05,0,0.00,0,0,0,0,0,0.00,0,0,0,0"
"156,Roberto Firmino\4c370d81,107,3.39,80,0,12,9,9,0.29,8,0,0,1"
"157,John Fleck\b63e789d,66,2.31,46,13,3,2,3,0.10,2,1,0,0"
"158,Phil Foden\ed1e53f3,67,3.73,43,8,9,4,14,0.78,9,0,1,3"
"159,Wesley Fofana\132a82f1,18,0.72,14,0,0,1,1,0.04,0,0,0,0"
"160,Pablo Fornals\82927de4,71,2.48,59,1,1,5,12,0.42,7,1,0,3"
"161,Fraser Forster\c3e39f12,0,0.00,0,0,0,0,0,0.00,0,0,0,0"
"162,Timothy Fosu-Mensah\a9142dc3,4,4.50,4,0,0,0,0,0.00,0,0,0,0"
"163,Tyrese Francois\6722d4f0,0,0.00,0,0,0,0,0,0.00,0,0,0,0"
"164,Ryan Fraser\d56543a0,38,3.69,23,13,0,1,4,0.39,2,1,0,0"
"165,Fred\b853e0ad,67,2.52,58,1,2,1,5,0.19,4,0,0,0"
"166,Ryan Fredericks\c067631c,21,3.32,16,0,1,1,1,0.16,1,0,0,0"
"167,Christian Fuchs\a67a09fb,3,0.38,3,0,0,0,0,0.00,0,0,0,0"
"168,Darnell Furlong\3ec9195b,34,1.04,24,5,0,3,3,0.09,3,0,0,0"
"169,Conor Gallagher\c2731c10,41,1.46,24,7,3,1,3,0.11,2,1,0,0"
"170,Eric García\2bed3eab,4,0.94,3,0,0,0,0,0.00,0,0,0,0"
"171,Dwight Gayle\e58a03c6,13,2.28,8,2,0,2,1,0.18,1,0,0,0"
"172,Jean-Philippe Gbamin\6bd603db,0,0.00,0,0,0,0,0,0.00,0,0,0,0"
"173,David de Gea\7ba6d84e,2,0.08,1,1,0,0,1,0.04,1,0,0,0"
"174,Anwar El Ghazi\ffa90327,55,3.07,30,9,4,6,1,0.06,0,0,0,1"
"175,Kieran Gibbs\46ee5234,4,0.44,4,0,0,0,1,0.11,1,0,0,0"
"176,Morgan Gibbs-White\32f60ed8,17,3.70,12,2,0,0,1,0.22,0,0,0,0"
"177,Billy Gilmour\df10e27c,4,1.38,4,0,0,0,0,0.00,0,0,0,0"
"178,Olivier Giroud\16ceb862,15,1.80,12,0,0,2,0,0.00,0,0,0,0"
"179,Ben Godfrey\9f7c837d,10,0.34,7,0,0,2,2,0.07,1,0,0,1"
"180,André Gomes\1961b2aa,35,2.01,31,2,1,0,2,0.11,2,0,0,0"
"181,Joe Gomez\7a11550b,2,0.31,2,0,0,0,0,0.00,0,0,0,0"
"182,Anthony Gordon\2bd83368,1,1.02,1,0,0,0,0,0.00,0,0,0,0"
"183,Karlan Grant\87f7500e,11,0.88,7,1,1,1,1,0.08,1,0,0,0"
"184,Demarai Gray\4468ec10,0,0.00,0,0,0,0,0,0.00,0,0,0,0"
"185,Jack Grealish\b0b4fd3e,150,6.18,114,14,8,2,21,0.86,17,0,0,0"
"186,Mason Greenwood\58eee997,50,2.47,29,1,8,7,5,0.25,3,0,2,0"
"187,Pascal Groß\8aec0537,110,3.99,63,40,0,4,9,0.33,6,3,0,0"
"188,Kamil Grosicki\81d8091f,5,3.04,4,0,0,1,2,1.22,2,0,0,0"
"189,Vicente Guaita\ab13a5aa,2,0.05,1,1,0,0,0,0.00,0,0,0,0"
"190,?lkay Gündo?an\819b3158,82,3.64,61,4,8,5,10,0.44,3,1,3,1"
"191,Antwoine Hackford\a7588cdc,0,0.00,0,0,0,0,0,0.00,0,0,0,0"
"192,Sébastien Haller\ba115a40,17,1.63,13,0,1,0,0,0.00,0,0,0,0"
"193,Rekeem Harper\3c066877,0,0.00,0,0,0,0,0,0.00,0,0,0,0"
"194,Jack Harrison\aa849a12,104,3.29,88,5,5,2,15,0.47,11,1,2,0"
"195,Kortney Hause\bf8fad51,0,0.00,0,0,0,0,0,0.00,0,0,0,0"
"196,Kai Havertz\fed7cb61,47,2.78,38,0,3,2,8,0.47,5,0,0,1"
"197,Isaac Hayden\c951a6df,17,0.79,12,0,0,1,0,0.00,0,0,0,0"
"198,Michael Hector\5f1a2f31,2,0.68,2,0,0,0,0,0.00,0,0,0,0"
"199,Ahmed Hegazi\5540c9dc,1,1.00,1,0,0,0,0,0.00,0,0,0,0"
"200,Dean Henderson\e5a76dfe,1,0.08,1,0,0,0,0,0.00,0,0,0,0"
"201,Jordan Henderson\935e6b8f,33,1.74,27,4,0,0,4,0.21,3,1,0,0"
"202,Jeff Hendrick\989d5705,14,0.89,12,0,0,1,2,0.13,2,0,0,0"
"203,Pablo Hernández\c0398aca,20,4.22,15,0,1,3,3,0.63,3,0,0,0"
"204,Son Heung-min\92e7e919,117,3.38,74,28,8,1,15,0.43,11,2,2,0"
"205,Ki-Jana Hoever\9a71e978,7,1.09,6,0,0,0,0,0.00,0,0,0,0"
"206,Rob Holding\d79a8c87,12,0.42,11,0,0,0,3,0.11,3,0,0,0"
"207,Mason Holgate\d0042ab9,21,0.83,15,2,0,0,0,0.00,0,0,0,0"
"208,Conor Hourihane\fcab00a0,8,3.20,4,4,0,0,1,0.40,0,1,0,0"
"209,Callum Hudson-Odoi\15f3ec41,57,4.84,54,0,2,0,8,0.68,7,0,1,0"
"210,Niall Huggins\6d646ff7,0,0.00,0,0,0,0,0,0.00,0,0,0,0"
"211,Pierre Højbjerg\8b04d6c1,52,1.37,42,3,1,2,8,0.21,7,1,0,0"
"212,Odion Ighalo\03622183,0,0.00,0,0,0,0,0,0.00,0,0,0,0"
"213,Kelechi Iheanacho\c92e1a31,44,2.71,36,0,6,1,3,0.19,2,0,1,0"
"214,Danny Ings\07802f7f,57,2.36,42,0,9,4,10,0.41,5,0,3,2"
"215,Branislav Ivanovi?\85f8571a,1,0.12,1,0,0,0,0,0.00,0,0,0,0"
"216,Alex Iwobi\6ca5ec4b,46,2.68,40,0,2,2,5,0.29,5,0,0,0"
"217,José Izquierdo\ca2bc3df,1,10.00,1,0,0,0,0,0.00,0,0,0,0"
"218,Phil Jagielka\3233eefd,1,0.17,1,0,0,0,0,0.00,0,0,0,0"
"219,Alireza Jahanbakhsh\08452314,20,3.41,17,0,1,1,1,0.17,1,0,0,0"
"220,Daniel James\c931d9f9,16,1.58,14,0,0,0,3,0.30,3,0,0,0"
"221,Reece James\1265a93a,74,2.81,54,9,3,1,5,0.19,3,1,0,0"
"222,Alexandre Jankewitz\7c39363f,1,30.00,1,0,0,0,0,0.00,0,0,0,0"
"223,Daniel Jebbison\03edb878,4,1.27,1,0,0,1,0,0.00,0,0,0,0"
"224,Gabriel Jesus\b66315ae,71,3.10,48,0,7,7,11,0.48,9,0,1,1"
"225,Raúl Jiménez\b561db50,22,2.41,11,0,3,4,4,0.44,1,0,1,2"
"226,Joelinton\c17bfb65,52,2.36,31,0,6,2,8,0.36,3,0,2,1"
"227,Ben Johnson\9319781b,5,0.86,5,0,0,0,0,0.00,0,0,0,0"
"228,Sam Johnstone\9e5708be,3,0.08,2,1,0,0,1,0.03,1,0,0,0"
"229,Curtis Jones\4fb9c88f,37,2.82,30,0,2,0,4,0.31,4,0,0,0"
"230,Jorginho\45db685d,51,2.28,48,0,1,0,3,0.13,3,0,0,0"
"231,Willian José\d87e2cae,19,1.54,13,0,1,2,1,0.08,0,0,0,0"
"232,Diogo Jota\178ae8f8,34,2.75,20,0,2,5,3,0.24,1,0,1,0"
"233,James Justin\fb614c44,48,2.09,37,2,3,0,7,0.30,5,0,1,0"
"234,Ozan Kabak\2d61d13a,1,0.11,1,0,0,0,0,0.00,0,0,0,0"
"235,Aboubakar Kamara\4047c976,10,2.86,9,0,1,0,0,0.00,0,0,0,0"
"236,Harry Kane\21a66f6a,113,3.30,70,2,18,9,25,0.73,15,1,6,0"
"237,N'Golo Kanté\b9fbae28,47,1.97,42,0,2,1,1,0.04,1,0,0,0"
"238,Moise Kean\3d50bcdb,0,0.00,0,0,0,0,0,0.00,0,0,0,0"
"239,Michael Keane\c5b7c315,22,0.66,21,0,0,1,3,0.09,3,0,0,0"
"240,Neeskens Kebano\18b999f4,3,2.27,2,0,0,1,0,0.00,0,0,0,0"
"241,Naby Keïta\f25c8e3a,15,2.60,12,0,1,2,1,0.17,1,0,0,0"
"242,Caoimhín Kelleher\62d7ef38,0,0.00,0,0,0,0,0,0.00,0,0,0,0"
"243,Martin Kelly\d7492450,0,0.00,0,0,0,0,0,0.00,0,0,0,0"
"244,Jonjoe Kenny\099e666f,1,1.14,1,0,0,0,0,0.00,0,0,0,0"
"245,Reda Khadra\88acf83f,0,0.00,0,0,0,0,0,0.00,0,0,0,0"
"246,Max Kilman\d0f72bf1,7,0.48,5,0,0,0,1,0.07,1,0,0,0"
"247,Joshua King\43458538,2,1.22,1,0,0,1,0,0.00,0,0,0,0"
"248,Mateusz Klich\282679b4,97,3.65,81,7,2,5,13,0.49,11,1,1,0"
"249,Robin Koch\ea6bc03a,10,0.80,10,0,0,0,2,0.16,2,0,0,0"
"250,Sead Kolašinac\3935e52e,0,0.00,0,0,0,0,0,0.00,0,0,0,0"
"251,Terence Kongolo\1f9a3a04,1,1.00,1,0,0,0,0,0.00,0,0,0,0"
"252,Ezri Konsa\0313a347,5,0.14,4,0,0,1,0,0.00,0,0,0,0"
"253,Cheikhou Kouyaté\8d3c902d,16,0.46,14,0,0,1,2,0.06,2,0,0,0"
"254,Mateo Kova?i?\79c0821a,49,2.43,42,0,2,1,4,0.20,4,0,0,0"
"255,Emil Krafth\77cf6852,14,0.98,11,2,1,0,1,0.07,1,0,0,0"
"256,Filip Krovinovi?\c2dfedeb,17,2.80,10,3,3,0,1,0.16,1,0,0,0"
"257,Alexandre Lacazette\9dbb75ca,46,2.15,28,0,3,2,5,0.23,3,0,0,1"
"258,Adam Lallana\99813635,48,2.71,44,0,0,1,4,0.23,3,0,0,1"
"259,Érik Lamela\abe66106,26,3.26,15,3,1,1,5,0.63,2,1,0,1"
"260,Tariq Lamptey\f4e433d4,24,2.44,19,0,1,0,4,0.41,2,0,0,0"
"261,Manuel Lanzini\26f6dca8,20,3.18,14,1,1,2,4,0.64,2,0,0,1"
"262,Aymeric Laporte\119b9a8e,9,0.60,9,0,0,0,1,0.07,1,0,0,0"
"263,Jamaal Lascelles\450ab6fc,4,0.22,4,0,0,0,0,0.00,0,0,0,0"
"264,Maxime Le Marchand\321a71a7,2,1.46,2,0,0,0,0,0.00,0,0,0,0"
"265,Mario Lemina\2b471f99,25,1.32,17,0,5,1,2,0.11,0,0,0,0"
"266,Bernd Leno\2628fd2b,1,0.03,1,0,0,0,0,0.00,0,0,0,0"
"267,Khanya Leshabela\383e68b1,1,9.00,1,0,0,0,0,0.00,0,0,0,0"
"268,Jamal Lewis\efb9215a,29,1.42,24,3,1,0,2,0.10,2,0,0,0"
"269,Victor Lindelöf\f5deef4c,9,0.31,9,0,0,0,1,0.03,1,0,0,0"
"270,Jesse Lingard\810e3c74,61,3.86,42,6,2,5,11,0.70,6,2,0,2"
"271,Jake Livermore\b98570d1,8,0.58,7,0,0,1,1,0.07,1,0,0,0"
"272,Diego Llorente\bba30585,6,0.45,5,0,0,1,1,0.07,1,0,0,0"
"273,Hugo Lloris\8f62b6ee,1,0.03,1,0,0,0,1,0.03,1,0,0,0"
"274,Giovani Lo Celso\d7553721,30,2.86,21,3,0,1,3,0.29,3,0,0,0"
"275,Ruben Loftus-Cheek\e97fd090,1,1.50,1,0,0,0,0,0.00,0,0,0,0"
"276,Ruben Loftus-Cheek\e97fd090,53,2.50,30,0,7,3,0,0.00,0,0,0,0"
"277,Kevin Long\5a4280b1,0,0.00,0,0,0,0,0,0.00,0,0,0,0"
"278,Shane Long\9f472354,0,0.00,0,0,0,0,0,0.00,0,0,0,0"
"279,Matthew Longstaff\c0027d2d,2,0.48,2,0,0,0,0,0.00,0,0,0,0"
"280,Sean Longstaff\a2b105e0,21,1.34,12,5,1,0,2,0.13,2,0,0,0"
"281,Ademola Lookman\7c104bb7,115,3.77,74,25,5,6,11,0.36,6,3,2,0"
"282,Max Lowe\7af88b33,7,1.15,4,1,1,1,0,0.00,0,0,0,0"
"283,Matthew Lowton\9a9c05db,49,1.44,41,3,1,1,2,0.06,2,0,0,0"
"284,David Luiz\c0e27d1a,10,0.64,8,0,1,0,1,0.06,1,0,0,0"
"285,Douglas Luiz\6f7d826d,46,1.49,42,2,0,1,5,0.16,5,0,0,0"
"286,John Lundstram\0df2b165,37,1.64,30,5,1,0,3,0.13,2,1,0,0"
"287,Alexis Mac Allister\83d074ff,30,2.42,27,0,0,2,2,0.16,2,0,0,0"
"288,James Maddison\ee38d9c5,105,4.50,60,20,7,5,11,0.47,7,1,0,0"
"289,Harry Maguire\d8931174,31,0.92,23,0,1,4,6,0.18,4,0,0,1"
"290,Riyad Mahrez\892d5bb1,84,3.88,58,7,5,8,14,0.65,9,1,2,1"
"291,Ainsley Maitland-Niles\e3a5814e,11,2.02,7,1,2,0,1,0.18,0,0,0,0"
"292,Ainsley Maitland-Niles\e3a5814e,18,1.32,15,0,0,0,2,0.15,1,0,0,0"
"293,Josh Maja\bc0bfc64,18,2.00,12,0,4,2,0,0.00,0,0,0,0"
"294,Sadio Mané\c691bfe2,124,3.97,88,1,10,9,12,0.38,7,0,0,3"
"295,Javier Manquillo\758dd7f0,8,0.87,7,1,0,0,0,0.00,0,0,0,0"
"296,Fernando Marçal\9ae9eaea,4,0.58,4,0,0,0,0,0.00,0,0,0,0"
"297,Solly March\bb5fbd2b,52,2.80,39,7,4,2,3,0.16,2,1,0,0"
"298,Pablo Marí\aa54ec6f,2,0.20,1,0,0,1,0,0.00,0,0,0,0"
"299,Anthony Martial\8b788c01,43,2.61,28,0,3,4,8,0.49,2,0,0,2"
"300,Martinelli\48a5a5d6,21,3.21,15,0,3,2,1,0.15,1,0,0,0"
"301,Emiliano Martínez\7956236f,6,0.16,6,0,0,0,1,0.03,1,0,0,0"
"302,Arthur Masuaku\57df7a11,32,2.86,23,2,4,2,4,0.36,4,0,0,0"
"303,Juan Mata\29733c72,18,3.18,12,4,0,2,5,0.88,3,1,0,1"
"304,Jean-Philippe Mateta\50e6dc35,3,1.22,2,0,0,0,0,0.00,0,0,0,0"
"305,Nemanja Mati?\eb7822d7,20,1.63,18,0,0,2,3,0.24,3,0,0,0"
"306,Joël Matip\b217ef29,6,0.78,5,0,0,1,2,0.26,1,0,0,1"
"307,Neal Maupay\4bcf39f6,79,2.83,52,1,10,5,8,0.29,5,0,0,1"
"308,James McArthur\cee31595,19,1.17,18,0,0,0,2,0.12,2,0,0,0"
"309,Oliver McBurnie\78b8ac63,29,1.97,24,0,0,4,3,0.20,1,0,0,1"
"310,Alex McCarthy\36c2ca73,1,0.03,1,0,0,0,0,0.00,0,0,0,0"
"311,James McCarthy\64b08de7,12,1.32,10,1,0,0,1,0.11,0,0,0,0"
"312,John McGinn\90f91999,100,2.70,82,2,3,2,12,0.32,8,1,1,1"
"313,David McGoldrick\dbe56a33,52,1.95,31,1,8,4,1,0.04,1,0,0,0"
"314,Dwight McNeil\fc15fb84,80,2.35,42,27,2,1,9,0.26,4,3,1,0"
"315,Scott McTominay\d93c2511,33,1.40,24,0,0,1,3,0.13,1,0,0,0"
"316,Ben Mee\8df7a2fb,11,0.37,6,2,0,2,1,0.03,1,0,0,0"
"317,Hannibal Mejbri\ca22ccb0,0,0.00,0,0,0,0,0,0.00,0,0,0,0"
"318,Benjamin Mendy\5271c8f1,17,1.61,13,0,4,0,3,0.28,2,0,1,0"
"319,Edouard Mendy\33887998,3,0.10,1,2,0,0,0,0.00,0,0,0,0"
"320,Nampalys Mendy\1598599e,15,0.93,11,0,0,0,2,0.12,2,0,0,0"
"321,Illan Meslier\6b625ac2,3,0.09,3,0,0,0,1,0.03,1,0,0,0"
"322,Luka Milivojevi?\2ce2508a,39,1.49,22,13,1,1,3,0.11,2,1,0,0"
"323,James Milner\2f90f6b8,22,1.85,17,3,1,0,1,0.08,0,1,0,0"
"324,Yerry Mina\6d5701f2,4,0.19,4,0,0,0,0,0.00,0,0,0,0"
"325,Takumi Minamino\f833a830,6,1.84,3,0,1,1,1,0.31,0,0,1,0"
"326,Takumi Minamino\f833a830,11,1.39,8,0,0,1,1,0.13,1,0,0,0"
"327,Tyrone Mings\8397a50c,14,0.39,12,0,1,1,2,0.06,2,0,0,0"
"328,Tyrick Mitchell\5cbd1eb0,9,0.47,9,0,0,0,3,0.16,3,0,0,0"
"329,Aleksandar Mitrovi?\3925dbd6,47,3.02,36,1,5,1,5,0.32,3,0,1,1"
"330,Jakub Moder\f230bc30,11,1.53,7,1,1,1,1,0.14,1,0,0,0"
"331,Jayson Molumby\c908a1bc,0,0.00,0,0,0,0,0,0.00,0,0,0,0"
"332,Wesley Moraes\bfae110f,1,5.00,0,0,0,0,0,0.00,0,0,0,0"
"333,Wes Morgan\80c31c97,0,0.00,0,0,0,0,0,0.00,0,0,0,0"
"334,Mason Mount\9674002f,163,5.08,89,47,10,7,14,0.44,5,5,1,2"
"335,Lucas Moura\2b622f01,36,2.30,27,2,1,1,8,0.51,6,0,0,1"
"336,Lys Mousset\d9cfca3d,4,1.22,3,0,1,0,0,0.00,0,0,0,0"
"337,João Moutinho\f5a00fa4,91,3.24,55,29,0,2,4,0.14,1,2,0,0"
"338,Joel Mumbongo\f8e588df,0,0.00,0,0,0,0,0,0.00,0,0,0,0"
"339,Jacob Murphy\de112b84,37,2.05,23,4,4,2,4,0.22,4,0,0,0"
"340,Shkodran Mustafi\3f2d59fe,0,0.00,0,0,0,0,0,0.00,0,0,0,0"
"341,Marvelous Nakamba\de5b5570,4,0.48,4,0,0,0,0,0.00,0,0,0,0"
"342,Iliman Ndiaye\5ed97752,0,0.00,0,0,0,0,0,0.00,0,0,0,0"
"343,Wilfred Ndidi\6b47c5db,33,1.36,27,0,0,0,8,0.33,7,0,0,0"
"344,Tanguy Ndombele\5cdddffa,57,2.45,42,0,4,2,8,0.34,7,0,0,1"
"345,Reiss Nelson\c5bdb6e3,1,1.27,1,0,0,0,0,0.00,0,0,0,0"
"346,Pedro Neto\7ba2eaa9,111,3.92,59,24,13,6,9,0.32,4,2,1,2"
"347,Rúben Neves\44bfb6c5,62,2.09,50,3,3,2,2,0.07,2,0,0,0"
"348,Eddie Nketiah\a53649b7,8,1.70,6,0,0,0,1,0.21,1,0,0,0"
"349,Niels Nkounkou\f5b281e7,1,1.11,1,0,0,0,0,0.00,0,0,0,0"
"350,Dan Nlundulu\30040f5d,1,0.81,1,0,0,0,0,0.00,0,0,0,0"
"351,Mark Noble\ff527768,7,0.88,4,3,0,0,0,0.00,0,0,0,0"
"352,Will Norris\c73ada83,1,0.50,1,0,0,0,0,0.00,0,0,0,0"
"353,Oliver Norwood\43439614,45,1.82,31,14,0,0,1,0.04,1,0,0,0"
"354,Jack O'Connell\312626c1,0,0.00,0,0,0,0,0,0.00,0,0,0,0"
"355,Dara O'Shea\1d042188,17,0.73,14,2,0,0,2,0.09,1,1,0,0"
"356,Michael Obafemi\caa1a7f0,1,1.48,1,0,0,0,0,0.00,0,0,0,0"
"357,Denis Odoi\f7750aa0,5,1.67,5,0,0,0,0,0.00,0,0,0,0"
"358,Angelo Ogbonna\74b2cd7e,6,0.22,6,0,0,0,0,0.00,0,0,0,0"
"359,Robin Olsen\e7ee38c3,1,0.14,1,0,0,0,0,0.00,0,0,0,0"
"360,Josh Onomah\6612cd8c,6,1.44,5,0,0,0,0,0.00,0,0,0,0"
"361,Divock Origi\43a166b4,3,1.45,3,0,0,0,0,0.00,0,0,0,0"
"362,Ben Osborn\79bc4c45,29,1.63,25,4,0,0,0,0.00,0,0,0,0"
"363,Owen Otasowie\6956ff08,7,3.37,4,0,0,1,1,0.48,1,0,0,0"
"364,Alex Oxlade-Chamberlain\38c7feef,5,1.78,5,0,0,0,2,0.71,2,0,0,0"
"365,Emerson Palmieri\e0bc6fdc,0,0.00,0,0,0,0,0,0.00,0,0,0,0"
"366,Thomas Partey\529f49ab,29,1.70,28,0,1,0,4,0.23,3,0,1,0"
"367,Rui Patrício\79b0d6a0,1,0.03,1,0,0,0,0,0.00,0,0,0,0"
"368,Bailey Peacock-Farrell\4879f8cb,1,0.25,0,1,0,0,0,0.00,0,0,0,0"
"369,Lee Peltier\af341b88,2,0.79,2,0,0,0,1,0.39,1,0,0,0"
"370,Nicolas Pépé\57e3f0c7,37,2.06,24,3,4,3,9,0.50,4,0,2,2"
"371,Matheus Pereira\b04ee927,103,3.60,65,25,5,1,12,0.42,8,1,0,0"
"372,Ricardo Pereira\75a72a99,19,1.78,18,0,0,0,2,0.19,1,0,0,0"
"373,Ayoze Pérez\819aa8e7,48,3.25,32,2,5,5,6,0.41,5,0,1,0"
"374,Kalvin Phillips\4f565d77,58,2.15,33,19,0,1,1,0.04,1,0,0,0"
"375,Matt Phillips\7bb5f40e,44,2.17,32,8,4,0,2,0.10,2,0,0,0"
"376,Nathaniel Phillips\515ebe8d,11,0.68,10,0,0,1,1,0.06,0,0,0,1"
"377,Jaden Philogene Bidace\19f4d211,0,0.00,0,0,0,0,0,0.00,0,0,0,0"
"378,Jordan Pickford\4806ec67,7,0.23,4,3,0,0,2,0.07,2,0,0,0"
"379,Erik Pieters\1ef37668,15,1.07,11,1,0,1,3,0.21,1,0,0,1"
"380,Daniel Podence\7fcc71d8,61,3.31,42,1,10,1,7,0.38,3,0,4,0"
"381,Paul Pogba\867239d3,68,3.23,48,1,4,5,7,0.33,2,0,2,1"
"382,Nick Pope\4b40d9ca,8,0.25,5,3,0,0,0,0.00,0,0,0,0"
"383,Dennis Praet\86695068,13,1.63,12,0,0,0,2,0.25,2,0,0,0"
"384,Davy Pröpper\fdd85f94,1,0.42,1,0,0,0,0,0.00,0,0,0,0"
"385,Christian Pulisic\1bf33a9a,67,3.47,52,1,5,2,8,0.41,7,0,0,1"
"386,Aaron Ramsdale\466fb2c5,8,0.21,7,1,0,0,0,0.00,0,0,0,0"
"387,Jacob Ramsey\1544f145,14,2.01,13,0,0,1,1,0.14,1,0,0,0"
"388,Kayne Ramsey\dc31b84c,0,0.00,0,0,0,0,0,0.00,0,0,0,0"
"389,Darren Randolph\6385ebfb,0,0.00,0,0,0,0,0,0.00,0,0,0,0"
"390,Marcus Rashford\a1d5bd30,105,3.24,75,0,16,5,18,0.55,15,0,2,0"
"391,Tim Ream\28b40c9c,1,0.14,1,0,0,0,0,0.00,0,0,0,0"
"392,Nathan Redmond\ab651565,58,3.00,39,0,10,3,4,0.21,4,0,0,0"
"393,Harrison Reed\803ae100,40,1.60,32,6,0,2,3,0.12,2,0,0,1"
"394,Sergio Reguilón\3353737a,41,1.64,28,1,2,5,8,0.32,7,0,0,0"
"395,Bobby Reid\0f7533cd,33,1.25,24,0,2,2,5,0.19,4,0,0,0"
"396,Declan Rice\1c7012b8,49,1.53,41,1,3,2,3,0.09,2,0,0,1"
"397,Lewis Richardson\4fa62ae4,0,0.00,0,0,0,0,0,0.00,0,0,0,0"
"398,Richarlison\fa031b34,80,2.52,51,0,9,5,9,0.28,5,0,2,1"
"399,Jaïro Riedewald\7a1f2c08,19,0.94,18,0,0,1,0,0.00,0,0,0,0"
"400,Matt Ritchie\71ef519e,40,2.67,19,16,0,1,4,0.27,1,1,0,0"
"401,Tyler Roberts\6c17e046,36,2.42,28,0,3,1,3,0.20,3,0,0,0"
"402,Andrew Robertson\2e4f5f03,106,2.82,80,19,4,1,15,0.40,10,2,2,1"
"403,Antonee Robinson\289601e6,53,2.21,46,3,1,0,2,0.08,2,0,0,0"
"404,Callum Robinson\e75750a3,40,2.31,27,0,7,2,4,0.23,1,0,1,0"
"405,Jack Robinson\7399c7a8,6,0.62,3,0,1,1,4,0.41,2,0,1,0"
"406,Hal Robson-Kanu\fb2dec57,12,1.93,9,0,1,0,0,0.00,0,0,0,0"
"407,Marek Rodák\17acc2ed,0,0.00,0,0,0,0,0,0.00,0,0,0,0"
"408,Joe Rodon\8d62d31a,0,0.00,0,0,0,0,0,0.00,0,0,0,0"
"409,Rodri\6434f10d,73,2.39,58,1,6,3,8,0.26,6,0,1,0"
"410,Rodrigo\1fb1c435,64,4.47,49,0,5,6,11,0.77,5,0,2,3"
"411,James Rodríguez\715bf047,72,3.67,44,16,4,0,13,0.66,8,4,0,0"
"412,Jay Rodriguez\4ab53cdb,23,1.64,14,0,4,3,4,0.28,3,0,1,0"
"413,Oriol Romeu\4b511457,35,1.79,30,0,0,0,4,0.20,4,0,0,0"
"414,John Ruddy\da8b19e2,0,0.00,0,0,0,0,0,0.00,0,0,0,0"
"415,Antonio Rüdiger\18b896d6,14,0.74,13,1,0,0,1,0.05,1,0,0,0"
"416,Mathew Ryan\4535e4bb,0,0.00,0,0,0,0,0,0.00,0,0,0,0"
"417,Mathew Ryan\4535e4bb,0,0.00,0,0,0,0,0,0.00,0,0,0,0"
"418,Allan Saint-Maximin\2b16cb1a,61,3.52,41,1,12,1,10,0.58,8,0,1,1"
"419,Romain Saïss\9fbbcf39,16,0.60,13,1,1,1,1,0.04,1,0,0,0"
"420,Bukayo Saka\bc7dc64d,98,3.45,63,11,8,7,12,0.42,9,0,1,0"
"421,Mamadou Sakho\87935cf3,0,0.00,0,0,0,0,0,0.00,0,0,0,0"
"422,Mohamed Salah\e342ad68,117,3.42,87,1,6,12,14,0.41,10,0,0,2"
"423,Mohammed Salisu\0b33f6ad,5,0.53,4,0,0,1,0,0.00,0,0,0,0"
"424,Davinson Sánchez\da7b447d,5,0.30,3,1,0,1,1,0.06,1,0,0,0"
"425,Robert Sánchez\6a713852,0,0.00,0,0,0,0,0,0.00,0,0,0,0"
"426,Morgan Sanson\6e7f1353,4,1.22,4,0,0,0,0,0.00,0,0,0,0"
"427,Romaine Sawyers\77bb1522,13,0.79,12,0,0,0,2,0.12,2,0,0,0"
"428,Dane Scarlett\21945a9e,0,0.00,0,0,0,0,0,0.00,0,0,0,0"
"429,Fabian Schär\c8aa95da,9,0.65,7,0,0,0,1,0.07,1,0,0,0"
"430,Jeffrey Schlupp\3312f911,34,2.14,26,0,2,1,6,0.38,4,0,0,1"
"431,Kasper Schmeichel\53af52f3,1,0.03,1,0,0,0,0,0.00,0,0,0,0"
"432,Nélson Semedo\d04b94db,58,1.75,45,5,2,3,5,0.15,4,0,0,1"
"433,Femi Seriki\e4e0deaa,0,0.00,0,0,0,0,0,0.00,0,0,0,0"
"434,Jamie Shackleton\8d03ca5a,6,1.17,6,0,0,0,1,0.20,1,0,0,0"
"435,Xherdan Shaqiri\6421ec64,32,5.18,30,2,0,0,3,0.49,3,0,0,0"
"436,Billy Sharp\e8c9f4e9,5,0.61,5,0,0,0,0,0.00,0,0,0,0"
"437,Luke Shaw\9c94165b,111,3.76,70,35,1,1,11,0.37,6,3,0,0"
"438,Jonjo Shelvey\3727dd3c,66,2.27,37,25,0,2,8,0.28,5,3,0,0"
"439,Shola Shoretire\00f0482f,1,8.18,1,0,0,0,0,0.00,0,0,0,0"
"440,Gylfi Sigurðsson\76dd1480,67,2.68,37,23,0,6,6,0.24,3,2,0,1"
"441,Bernardo Silva\3eb22ec9,80,3.49,64,2,5,4,10,0.44,9,0,0,1"
"442,Fábio Silva\e7aa9d7c,31,2.04,17,0,3,6,4,0.26,3,0,0,0"
"443,Thiago Silva\86e7deaf,18,0.84,17,0,0,1,1,0.05,1,0,0,0"
"444,Moussa Sissoko\2acd49b9,17,0.97,16,0,0,0,1,0.06,1,0,0,0"
"445,Islam Slimani\ffec9769,1,4.50,1,0,0,0,0,0.00,0,0,0,0"
"446,William Smallbone\5e105217,3,1.57,2,0,0,1,0,0.00,0,0,0,0"
"447,Emile Smith Rowe\17695062,43,2.69,35,0,2,2,7,0.44,6,0,0,1"
"448,Robert Snodgrass\9f4647e9,6,1.03,6,0,0,0,1,0.17,1,0,0,0"
"449,Robert Snodgrass\9f4647e9,1,18.00,1,0,0,0,0,0.00,0,0,0,0"
"450,Cédric Soares\839c14e1,14,1.69,9,2,2,0,3,0.36,2,0,0,0"
"451,Tomáš Sou?ek\6613c819,45,1.18,31,2,1,7,5,0.13,3,0,0,2"
"452,Ça?lar Söyüncü\21166ff4,10,0.49,6,1,1,1,0,0.00,0,0,0,0"
"453,Zack Steffen\42130443,0,0.00,0,0,0,0,0,0.00,0,0,0,0"
"454,Dale Stephens\653ee42d,2,0.69,2,0,0,0,0,0.00,0,0,0,0"
"455,Jack Stephens\6adbc307,18,1.05,17,0,0,0,0,0.00,0,0,0,0"
"456,Raheem Sterling\b400bde0,100,3.55,68,0,14,8,15,0.53,9,0,3,2"
"457,Enda Stevens\17d4507a,32,1.07,30,0,1,0,3,0.10,2,0,0,0"
"458,John Stones\5eecec3d,14,0.65,12,0,0,0,1,0.05,1,0,0,0"
"459,Pascal Struijk\f4d296e4,12,0.52,11,0,0,1,2,0.09,2,0,0,0"
"460,Japhet Tanganga\e9971f2d,1,0.18,0,1,0,0,0,0.00,0,0,0,0"
"461,Matt Targett\e514ab62,80,2.12,61,15,0,0,7,0.19,4,2,0,0"
"462,James Tarkowski\15ea812b,25,0.69,16,4,0,2,0,0.00,0,0,0,0"
"463,Percy Tau\4d0eb7d2,5,4.37,4,0,1,0,1,0.87,1,0,0,0"
"464,Sidnei Tavares\3add8ed8,1,1.06,0,0,0,1,0,0.00,0,0,0,0"
"465,Charlie Taylor\cc2d7ad5,29,1.08,23,1,0,1,3,0.11,2,0,0,0"
"466,Neil Taylor\c2f9d19f,0,0.00,0,0,0,0,0,0.00,0,0,0,0"
"467,Allan Tchaptchet\ab7d7882,0,0.00,0,0,0,0,0,0.00,0,0,0,0"
"468,Nathan Tella\f1e94cd6,19,2.30,10,0,3,0,2,0.24,1,0,0,0"
"469,Alex Telles\e73c9bb2,21,2.74,9,9,0,2,3,0.39,2,1,0,0"
"470,Kenny Tete\77d7c96f,30,1.82,29,0,0,0,2,0.12,2,0,0,0"
"471,William Thomas Fish\b2ee9d2c,0,0.00,0,0,0,0,0,0.00,0,0,0,0"
"472,Luke Thomas\fc027d02,14,1.30,11,0,0,1,3,0.28,3,0,0,0"
"473,Youri Tielemans\56f7a928,109,2.92,83,12,2,4,16,0.43,14,0,0,0"
"474,Kieran Tierney\fce2302c,58,2.27,46,2,5,1,7,0.27,3,0,2,0"
"475,James Tomkins\e7ca0439,3,0.49,2,0,0,1,0,0.00,0,0,0,0"
"476,Fikayo Tomori\7edfbb8a,0,0.00,0,0,0,0,0,0.00,0,0,0,0"
"477,Ferrán Torres\9e1035f8,40,2.76,25,2,6,1,6,0.41,3,0,1,0"
"478,Cenk Tosun\9a104dee,2,3.75,2,0,0,0,1,1.87,1,0,0,0"
"479,Andros Townsend\b28bbd58,66,2.63,36,17,7,0,7,0.28,5,2,0,0"
"480,Conor Townsend\4dc4f138,39,1.57,31,3,0,3,4,0.16,4,0,0,0"
"481,Adama Traoré\9a28eba4,113,3.84,74,0,21,3,6,0.20,3,0,1,1"
"482,Bertrand Traoré\c47541e0,78,3.03,36,10,16,6,9,0.35,6,1,0,0"
"483,Trézéguet\3ae14ed1,32,2.47,21,0,3,4,2,0.15,2,0,0,0"
"484,Leandro Trossard\38ceb24a,100,3.45,73,9,5,6,11,0.38,7,1,1,1"
"485,Kostas Tsimikas\f315ca93,0,0.00,0,0,0,0,0,0.00,0,0,0,0"
"486,Axel Tuanzebe\2baec6ce,0,0.00,0,0,0,0,0,0.00,0,0,0,0"
"487,Cengiz Ünder\1880614f,13,4.16,10,0,2,1,2,0.64,2,0,0,0"
"488,Yan Valery\531a4aa8,0,0.00,0,0,0,0,0,0.00,0,0,0,0"
"489,Jamie Vardy\45963054,64,2.03,37,0,12,8,21,0.67,9,0,3,4"
"490,Joël Veltman\dad4b285,41,1.62,31,5,0,2,1,0.04,1,0,0,0"
"491,Jannik Vestergaard\1900032e,20,0.70,17,0,0,2,4,0.14,2,0,0,1"
"492,Rúben Vinagre\b937e490,0,0.00,0,0,0,0,0,0.00,0,0,0,0"
"493,Carlos Vinícius\8b529245,4,1.17,4,0,0,0,0,0.00,0,0,0,0"
"494,João Virgínia\728e9b2e,0,0.00,0,0,0,0,0,0.00,0,0,0,0"
"495,Vitinha\3b029691,21,3.63,17,2,1,1,1,0.17,1,0,0,0"
"496,Jake Vokins\d484c261,3,4.09,3,0,0,0,0,0.00,0,0,0,0"
"497,Mat?j Vydra\0d4ceb32,37,2.43,20,0,11,3,6,0.39,3,0,2,0"
"498,Theo Walcott\1ecb65be,0,0.00,0,0,0,0,0,0.00,0,0,0,0"
"499,Theo Walcott\1ecb65be,28,1.56,22,0,2,2,4,0.22,2,0,0,1"
"500,Kyle Walker\86dd77d1,28,1.29,23,4,0,0,5,0.23,4,1,0,0"
"501,Kyle Walker-Peters\984a5a64,42,1.43,33,0,3,1,7,0.24,4,0,0,0"
"502,Aaron Wan-Bissaka\9e525177,57,1.68,50,1,2,1,8,0.24,8,0,0,0"
"503,Joel Ward\8a7ff278,15,0.60,14,1,0,0,2,0.08,2,0,0,0"
"504,James Ward-Prowse\3515d404,84,2.21,39,41,0,2,11,0.29,4,7,0,0"
"505,Ollie Watkins\aed3a70f,98,2.65,74,0,4,11,14,0.38,9,0,1,4"
"506,Caleb Watts\c7170b46,1,2.31,0,0,0,0,0,0.00,0,0,0,0"
"507,Adam Webster\c40b6180,20,0.69,18,0,0,1,1,0.03,1,0,0,0"
"508,Danny Welbeck\ce5143da,50,2.91,34,0,3,7,5,0.29,2,0,0,1"
"509,Timo Werner\49fe9070,85,2.94,56,0,6,9,19,0.66,10,0,3,1"
"510,Ashley Westwood\495945ef,84,2.22,59,21,1,0,5,0.13,3,2,0,0"
"511,Ben White\35e413f1,26,0.73,22,0,1,0,3,0.08,3,0,0,0"
"512,Georginio Wijnaldum\eb58eef0,53,1.62,46,0,2,2,2,0.06,1,0,0,1"
"513,Brandon Williams\5e74d6c8,1,0.48,1,0,0,0,0,0.00,0,0,0,0"
"514,Neco Williams\dd323728,4,1.45,4,0,0,0,0,0.00,0,0,0,0"
"515,Rhys Williams\012c975a,5,0.68,4,0,0,1,1,0.14,0,0,0,1"
"516,Willian\8b9ebd03,60,3.84,37,12,2,4,11,0.70,5,2,0,3"
"517,Joe Willock\a3b03921,7,2.65,7,0,0,0,0,0.00,0,0,0,0"
"518,Joe Willock\a3b03921,27,2.48,17,0,3,3,3,0.28,1,0,1,1"
"519,Callum Wilson\c596fcb0,52,2.25,29,0,5,2,11,0.48,6,0,0,2"
"520,Harry Winks\2f7acede,8,0.84,6,0,1,0,0,0.00,0,0,0,0"
"521,Chris Wood\4e9a0555,47,1.54,37,0,4,2,8,0.26,4,0,2,1"
"522,Granit Xhaka\e61b8aee,40,1.43,36,0,0,2,3,0.11,3,0,0,0"
"523,Andriy Yarmolenko\849c826a,13,3.12,10,1,0,1,1,0.24,1,0,0,0"
"524,DeAndre Yedlin\ae0a7ddf,6,1.24,4,1,0,0,0,0.00,0,0,0,0"
"525,Okay Yoku?lu\e49ce451,11,0.75,7,0,0,1,2,0.14,1,0,0,1"
"526,Wilfried Zaha\b2bc3b1f,85,2.93,48,0,16,5,12,0.41,8,0,2,1"
"527,Andre-Frank Zambo Anguissa\6bb2c084,57,1.98,43,0,8,2,6,0.21,4,0,2,0"
"528,Andi Zeqiri\d01231f0,4,2.11,3,0,1,0,1,0.53,1,0,0,0"
"529,Oleksandr Zinchenko\51cf8561,30,1.83,23,4,0,1,2,0.12,2,0,0,0"
"530,Hakim Ziyech\6622454d,70,5.38,53,7,3,6,7,0.54,6,1,0,0"
"531,Kurt Zouma\ce4246f5,11,0.49,8,0,0,3,0,0.00,0,0,0,0"
"532,Martin Ødegaard\79300479,42,4.36,34,4,1,1,6,0.62,5,0,0,0"
