"Rk,Player,Pos,MP,Starts,Min,90s,Ast,G-PK,PK,CrdY,CrdR,xG,npxG,xA,npxG+xA"
"1,Patrick van Aanholt\5f09991f,DF,22,20,1777,19.7,1,0,0,2,0,1.2,1.2,0.8,2.0"
"2,Tammy Abraham\f586779e,FW,22,12,1040,11.6,1,6,0,0,0,6.4,6.4,0.9,7.3"
"3,Che Adams\f2bf1b0f,FW,36,30,2667,29.6,5,9,0,1,0,8.7,8.7,5.8,14.5"
"4,Tosin Adarabioyo\c81d773d,DF,33,33,2953,32.8,0,0,0,1,0,1.1,1.1,0.4,1.5"
"5,Adrián\f76e6b4e,GK,3,3,270,3.0,0,0,0,0,0,0.0,0.0,0.0,0.0"
"6,Sergio Agüero\4d034881,FWMF,12,7,559,6.2,1,3,1,0,0,3.4,1.8,1.3,3.1"
"7,Ola Aina\246d153b,DF,31,31,2664,29.6,1,2,0,3,0,1.0,1.0,1.4,2.3"
"8,Rayan Aït Nouri\9b398aea,DF,21,16,1404,15.6,1,1,0,1,0,0.6,0.6,1.0,1.6"
"9,Semi Ajayi\d6192210,DF,33,31,2780,30.9,0,2,0,3,1,1.3,1.3,0.3,1.5"
"10,Nathan Aké\eaeca114,DF,10,9,797,8.9,0,1,0,4,0,0.1,0.1,0.0,0.1"
"11,Marc Albrighton\b827d5b3,DFFW,31,17,1746,19.4,5,1,0,2,0,1.3,1.3,4.4,5.7"
"12,Thiago Alcántara\77e84962,MF,24,20,1854,20.6,0,1,0,4,0,1.4,1.4,2.3,3.7"
"13,Toby Alderweireld\f7d50789,DF,25,25,2240,24.9,0,1,0,2,0,0.8,0.8,0.3,1.2"
"14,Rúnar Alex Rúnarsson\8fa8f8d2,GK,1,0,16,0.2,0,0,0,0,0,0.0,0.0,0.0,0.0"
"15,Trent Alexander-Arnold\cd1acf9d,DF,36,34,3031,33.7,7,2,0,2,0,2.8,2.8,8.1,10.8"
"16,Ezgjan Alioski\1a7fcf39,DF,36,29,2461,27.3,3,2,0,7,0,1.5,1.5,3.1,4.6"
"17,Alisson\7a2e46a8,GK,33,33,2970,33.0,0,1,0,1,0,0.1,0.1,0.0,0.1"
"18,Allan\cc700722,MF,24,23,2051,22.8,0,0,0,6,0,0.2,0.2,0.9,1.1"
"19,Dele Alli\cea4ee8f,MF,15,7,620,6.9,1,0,0,0,0,1.3,1.3,0.9,2.2"
"20,Miguel Almirón\862a1c15,MFFW,34,28,2429,27.0,1,4,0,3,0,3.2,3.2,2.8,5.9"
"21,Marcos Alonso\f4290206,DF,13,11,960,10.7,0,2,0,2,0,1.7,1.7,1.1,2.8"
"22,Steven Alzate\ad1f61f3,MFDF,15,10,896,10.0,0,1,0,2,0,0.7,0.7,0.5,1.1"
"23,Daniel Amartey\1a4ef233,DF,12,8,722,8.0,0,1,0,3,0,0.4,0.4,0.0,0.4"
"24,Ethan Ampadu\10b9fa99,DFMF,25,23,2089,23.2,0,0,0,3,0,0.3,0.3,0.9,1.3"
"25,Joachim Andersen\e34fc66d,DF,31,30,2730,30.3,1,1,0,7,1,1.1,1.1,0.5,1.6"
"26,Elliot Anderson\de31038e,MF,1,0,4,0.0,0,0,0,0,0,0.0,0.0,0.0,0.0"
"27,Felipe Anderson\9f1893b9,FWMF,2,0,3,0.0,0,0,0,0,0,0.0,0.0,0.0,0.0"
"28,Michail Antonio\ac05f970,FW,26,24,1974,21.9,5,10,0,3,0,11.4,11.4,2.3,13.7"
"29,Alphonse Areola\2f965a72,GK,36,36,3240,36.0,0,0,0,2,0,0.0,0.0,0.0,0.0"
"30,Stuart Armstrong\97333cf5,MF,33,32,2764,30.7,5,4,0,3,0,3.0,3.0,2.7,5.7"
"31,Kepa Arrizabalaga\28d596a0,GK,7,6,585,6.5,0,0,0,1,0,0.0,0.0,0.0,0.0"
"32,Pierre-Emerick Aubameyang\d5dd5f1f,FW,29,26,2332,25.9,3,8,2,2,0,10.6,9.1,2.8,11.9"
"33,Serge Aurier\5c2b4f07,DF,19,19,1605,17.8,3,2,0,0,0,1.4,1.4,1.9,3.2"
"34,Charlie Austin\8d228291,FW,5,0,138,1.5,0,0,0,0,0,0.2,0.2,0.0,0.2"
"35,Jordan Ayew\da052c14,FWMF,33,23,2096,23.3,3,1,0,4,0,2.4,2.4,0.7,3.0"
"36,Luke Ayling\420d7c7d,DF,38,38,3399,37.8,0,0,0,7,0,1.4,1.4,2.6,4.0"
"37,César Azpilicueta\53cad200,DF,26,24,2188,24.3,2,1,0,5,1,0.8,0.8,2.6,3.4"
"38,Eric Bailly\a1232f4e,DF,12,10,916,10.2,0,0,0,3,0,0.1,0.1,0.0,0.1"
"39,Fabián Balbuena\3626f7d9,DF,14,13,1198,13.3,0,1,0,1,1,0.6,0.6,0.0,0.6"
"40,George Baldock\394854c4,DF,32,32,2787,31.0,2,0,0,7,0,1.1,1.1,1.7,2.8"
"41,Gareth Bale\a58bb1e1,FW,20,10,920,10.2,2,11,0,1,0,5.3,5.3,1.9,7.2"
"42,Patrick Bamford\93feac6e,FW,38,37,3050,33.9,7,15,2,3,0,17.3,15.7,4.1,19.8"
"43,Phil Bardsley\1ae30132,DF,4,3,274,3.0,0,0,0,2,0,0.1,0.1,0.0,0.1"
"44,Ross Barkley\3a24769f,MF,24,18,1531,17.0,1,3,0,0,0,3.2,3.2,3.6,6.8"
"45,Ross Barkley\3a24769f,MF,2,0,42,0.5,0,0,0,0,0,0.0,0.0,0.1,0.1"
"46,Ashley Barnes\2691c772,FW,22,15,1331,14.8,0,2,1,4,0,5.1,4.4,0.7,5.1"
"47,Harvey Barnes\3ea50f67,FWMF,25,22,1945,21.6,4,9,0,0,0,6.2,6.2,1.5,7.7"
"48,Kyle Bartley\18e96f64,DF,30,28,2584,28.7,1,3,0,4,0,2.1,2.1,0.2,2.4"
"49,Chris Basham\1aa84968,DFMF,31,31,2576,28.6,1,0,0,5,0,0.8,0.8,0.8,1.6"
"50,Michy Batshuayi\2973d8ff,FW,18,7,728,8.1,1,2,0,0,0,1.4,1.4,1.4,2.8"
"51,Jan Bednarek\4115ce4e,DF,36,36,3100,34.4,1,1,0,5,1,1.0,1.0,0.3,1.3"
"52,Donny van de Beek\50dc94ce,MFFW,19,4,524,5.8,1,1,0,1,0,0.3,0.3,1.0,1.3"
"53,Héctor Bellerín\f874dd44,DF,25,24,2089,23.2,2,1,0,8,0,0.8,0.8,2.4,3.2"
"54,Saïd Benrahma\5a04fd92,FWMF,30,14,1391,15.5,6,1,0,0,0,2.3,2.3,4.4,6.6"
"55,Josh Benson\bf3aeb61,MF,6,2,264,2.9,0,0,0,0,0,0.2,0.2,0.0,0.2"
"56,Christian Benteke\ab070c55,FW,30,21,1816,20.2,1,10,0,3,1,8.1,8.1,1.0,9.1"
"57,Gaetano Berardi\5348aada,DF,2,1,113,1.3,0,0,0,0,0,0.0,0.0,0.0,0.0"
"58,Jóhann Berg Guðmundsson\f72293fc,MF,22,16,1363,15.1,0,2,0,2,0,1.7,1.7,0.5,2.2"
"59,Sander Berge\d0b6129f,MF,15,13,1120,12.4,1,0,1,4,0,1.2,0.5,1.2,1.7"
"60,Steven Bergwijn\a29b1131,FWMF,21,13,1208,13.4,3,1,0,3,0,2.5,2.5,1.3,3.7"
"61,Bernard\ab4b3e35,MFFW,12,3,455,5.1,0,1,0,2,0,0.2,0.2,0.6,0.8"
"62,Bernardo\17370b95,DFMF,3,2,206,2.3,0,0,0,0,0,0.3,0.3,0.2,0.5"
"63,Ryan Bertrand\01226327,DF,29,29,2598,28.9,1,0,0,5,0,0.6,0.6,1.2,1.8"
"64,Yves Bissouma\6c203af0,MF,36,35,3111,34.6,0,1,0,8,1,1.2,1.2,1.0,2.2"
"65,Jayden Bogle\ae5019e6,DF,16,12,1110,12.3,0,2,0,2,0,1.8,1.8,0.2,2.0"
"66,Willy Boly\a4ac4b8f,DF,21,21,1879,20.9,1,1,0,2,0,1.1,1.1,0.4,1.6"
"67,Jarrod Bowen\79c84d1c,FWMF,38,30,2562,28.5,5,8,0,0,0,6.3,6.3,4.6,10.8"
"68,Robbie Brady\96bb8cc2,MF,19,12,1052,11.7,1,1,0,3,0,0.8,0.8,0.9,1.7"
"69,Rhian Brewster\30e81a88,FW,27,12,1128,12.5,0,0,0,1,0,1.7,1.7,1.7,3.4"
"70,Nathan Broadhead\43309491,MF,1,0,3,0.0,0,0,0,0,0,0.0,0.0,0.0,0.0"
"71,Josh Brownhill\47369df8,MF,33,32,2813,31.3,1,0,0,2,0,1.9,1.9,1.1,3.0"
"72,Joe Bryan\af69e7f0,DFFW,16,7,669,7.4,0,1,0,2,0,0.4,0.4,0.4,0.8"
"73,Kean Bryan\c684d3c9,DF,13,12,1004,11.2,0,1,0,1,0,0.4,0.4,0.4,0.8"
"74,Oliver Burke\f631c17f,FW,25,14,1269,14.1,1,1,0,2,0,2.4,2.4,1.8,4.2"
"75,Dan Burn\b2d31e83,DF,27,23,2061,22.9,0,1,0,5,0,1.5,1.5,1.0,2.5"
"76,Jack Butland\cc70a1d5,GK,1,1,90,1.0,0,0,0,0,0,0.0,0.0,0.0,0.0"
"77,David Button\e608ed4c,GK,1,1,90,1.0,0,0,0,0,0,0.0,0.0,0.0,0.0"
"78,Oskar Buur\aa6f2f2c,DF,1,0,22,0.2,0,0,0,0,0,0.0,0.0,0.0,0.0"
"79,Willy Caballero\a179d516,GK,1,1,90,1.0,0,0,0,0,0,0.0,0.0,0.0,0.0"
"80,Gary Cahill\7914b9fe,DF,20,20,1800,20.0,1,1,0,3,0,0.7,0.7,0.7,1.4"
"81,Tom Cairney\a8748947,MF,10,9,759,8.4,1,1,0,2,0,0.7,0.7,1.4,2.1"
"82,Dominic Calvert-Lewin\59e6e5bf,FW,33,32,2871,31.9,0,16,0,3,0,15.4,15.4,2.0,17.5"
"83,João Cancelo\bd6351cd,DF,28,27,2299,25.5,3,2,0,5,1,2.0,2.0,4.9,6.9"
"84,Ian Carlo Poveda\55b4f1d6,MFDF,14,0,355,3.9,0,0,0,0,0,0.4,0.4,0.8,1.2"
"85,Andy Carroll\b581987a,FW,18,4,392,4.4,0,1,0,1,0,1.2,1.2,0.1,1.2"
"86,Scott Carson\3e1550ee,GK,1,1,90,1.0,0,0,0,0,0,0.0,0.0,0.0,0.0"
"87,Fabio Carvalho\966e28d0,MFFW,4,3,255,2.8,0,1,0,0,0,1.1,1.1,0.4,1.5"
"88,Matty Cash\2389cdc2,DF,28,28,2372,26.4,2,0,0,8,1,0.3,0.3,2.2,2.5"
"89,Kiko Casilla\58bc7d18,GK,3,3,270,3.0,0,0,0,0,0,0.0,0.0,0.0,0.0"
"90,Timothy Castagne\197640fd,DF,27,27,2345,26.1,3,2,0,1,0,1.3,1.3,2.0,3.3"
"91,Jonny Castro\e28868f3,DF,7,7,495,5.5,0,0,0,0,0,0.1,0.1,0.1,0.2"
"92,Ivan Cavaleiro\979b811d,FWMF,36,27,2472,27.5,0,2,1,2,0,6.2,4.7,3.4,8.0"
"93,Edinson Cavani\527f063d,FW,26,13,1375,15.3,3,10,0,4,0,7.4,7.4,2.7,10.1"
"94,Dani Ceballos\c0617e2b,MF,25,17,1615,17.9,3,0,0,4,0,0.7,0.7,2.9,3.6"
"95,Calum Chambers\dc6f5bdd,DF,10,8,753,8.4,2,0,0,0,0,0.6,0.6,1.1,1.7"
"96,Ben Chilwell\d2424d1b,DF,27,27,2286,25.4,5,3,0,3,0,2.4,2.4,2.8,5.3"
"97,Hamza Choudhury\7d2d3329,MF,10,4,316,3.5,0,0,0,1,0,0.4,0.4,0.0,0.4"
"98,Andreas Christensen\1cb49278,DF,17,15,1371,15.2,0,0,0,2,1,0.1,0.1,0.4,0.5"
"99,Carney Chukwuemeka\b2f9c73e,FWMF,2,0,20,0.2,0,0,0,0,0,0.1,0.1,0.0,0.1"
"100,Ciaran Clark\2b91cf8e,DF,22,21,1891,21.0,0,1,0,3,0,0.3,0.3,0.1,0.4"
"101,Nathaniel Clyne\0442183b,DF,13,13,1145,12.7,1,0,0,2,0,0.1,0.1,0.4,0.5"
"102,Conor Coady\2928dca2,DF,37,37,3303,36.7,0,1,0,5,0,1.3,1.3,0.1,1.4"
"103,Séamus Coleman\0420d84f,DFMF,25,18,1613,17.9,3,0,0,0,0,1.2,1.2,1.9,3.1"
"104,Aaron Connolly\27c01749,FW,17,9,791,8.8,1,2,0,0,0,3.5,3.5,0.2,3.7"
"105,Liam Cooper\dc64b8b3,DF,25,25,2185,24.3,0,1,0,4,1,1.3,1.3,0.0,1.3"
"106,Theo Corbeanu\25b82f9a,FW,1,0,9,0.1,0,0,0,0,0,0.0,0.0,0.1,0.1"
"107,Jack Cork\74e12f1e,MF,16,15,1350,15.0,0,0,0,2,0,0.3,0.3,0.6,0.8"
"108,Hélder Costa\f13d02a6,MFFW,22,13,1156,12.8,3,3,0,0,0,2.0,2.0,0.9,2.9"
"109,Vladimír Coufal\fdf3cb77,DF,34,34,3054,33.9,7,0,0,3,0,1.2,1.2,4.6,5.8"
"110,Aaron Cresswell\4f974391,DF,36,36,3170,35.2,8,0,0,3,0,0.9,0.9,5.9,6.9"
"111,Patrick Cutrone\a4fe8cda,FW,2,0,25,0.3,0,0,0,0,0,0.2,0.2,0.0,0.2"
"112,Stuart Dallas\67ca8566,DFMF,38,38,3409,37.9,2,8,0,7,0,4.6,4.6,2.1,6.7"
"113,Scott Dann\52105203,DF,15,15,1350,15.0,0,1,0,1,0,0.3,0.3,0.0,0.4"
"114,Karl Darlow\cde3309f,GK,25,25,2250,25.0,0,0,0,3,0,0.0,0.0,0.0,0.0"
"115,Ben Davies\44781702,DF,20,14,1346,15.0,1,0,0,1,0,0.2,0.2,0.6,0.9"
"116,Tom Davies\9228b07c,MF,25,17,1423,15.8,1,0,0,3,0,0.2,0.2,1.0,1.1"
"117,Keinan Davis\9deaf2c8,FWMF,15,1,277,3.1,1,1,0,0,0,1.0,1.0,0.5,1.5"
"118,Leif Davis\8574c61f,DF,2,0,33,0.4,0,0,0,0,0,0.0,0.0,0.0,0.0"
"119,Craig Dawson\3e9e06cb,DF,22,22,1925,21.4,0,3,0,5,1,1.7,1.7,0.0,1.7"
"120,Kevin De Bruyne\e46012d4,MF,25,23,1997,22.2,12,4,2,1,0,9.7,7.4,10.2,17.6"
"121,Liam Delap\dd897ee7,FW,1,0,40,0.4,0,0,0,0,0,0.0,0.0,0.0,0.0"
"122,Fabian Delph\111c3236,MFDF,8,2,266,3.0,0,0,0,1,0,0.0,0.0,0.1,0.1"
"123,Leander Dendoncker\5a7301ae,MFDF,33,28,2503,27.8,0,1,0,4,0,3.3,3.3,0.7,4.0"
"124,Mbaye Diagne\dda3969e,FW,16,14,1189,13.2,2,3,0,2,0,5.0,5.0,1.7,6.7"
"125,Amad Diallo\9dc96f10,FW,3,2,166,1.8,1,0,0,0,0,0.0,0.0,0.5,0.5"
"126,Ibrahima Diallo\11ff3d56,MF,22,10,1020,11.3,0,0,0,3,0,0.6,0.6,0.6,1.2"
"127,Grady Diangana\f522d7ec,MFFW,20,15,1235,13.7,0,1,0,0,0,1.2,1.2,0.2,1.4"
"128,Raphael Dias Belloli\3423f250,MF,30,26,2360,26.2,9,6,0,3,0,6.0,6.0,8.1,14.1"
"129,Rúben Dias\31c69ef1,DF,32,32,2843,31.6,0,1,0,4,0,2.4,2.4,0.1,2.4"
"130,Eric Dier\ac861941,DF,28,28,2520,28.0,0,0,0,3,0,0.9,0.9,0.1,1.0"
"131,Lucas Digne\1b84dbe1,DF,30,30,2681,29.8,7,0,0,2,1,0.6,0.6,5.4,6.0"
"132,Virgil van Dijk\e06683ca,DF,5,5,370,4.1,0,1,0,1,0,0.3,0.3,0.0,0.3"
"133,Issa Diop\a712ca2b,DF,18,15,1381,15.3,0,2,0,3,0,0.3,0.3,0.0,0.3"
"134,Moussa Djenepo\254147d4,MF,27,15,1240,13.8,0,1,0,5,0,0.9,0.9,0.6,1.5"
"135,Matt Doherty\d557d734,DF,17,13,1240,13.8,2,0,0,4,1,0.4,0.4,0.8,1.2"
"136,Gabriel Dos Santos\67ac5bb8,DF,23,22,1996,22.2,0,2,0,4,1,1.0,1.0,0.1,1.1"
"137,Abdoulaye Doucouré\02b29014,MF,29,29,2443,27.1,3,2,0,6,0,2.1,2.1,2.2,4.3"
"138,Martin Dúbravka\3a949a25,GK,13,13,1170,13.0,0,0,0,0,0,0.0,0.0,0.0,0.0"
"139,Paul Dummett\3fe6bd8c,DF,15,14,1255,13.9,0,1,0,2,0,0.3,0.3,0.5,0.8"
"140,Lewis Dunk\282f75f3,DF,33,33,2931,32.6,0,5,0,5,2,2.5,2.5,0.9,3.4"
"141,Jimmy Dunne\1fdfd6da,DF,3,3,270,3.0,0,1,0,1,0,0.4,0.4,0.1,0.5"
"142,Ederson\3bb7b8b4,GK,36,36,3240,36.0,1,0,0,3,0,0.0,0.0,0.4,0.4"
"143,Kyle Edwards\1566e437,MFFW,5,1,118,1.3,0,0,0,0,0,0.1,0.1,0.0,0.1"
"144,John Egan\debe38a0,DF,31,30,2629,29.2,1,0,0,7,1,0.7,0.7,0.3,1.0"
"145,Anthony Elanga\2fba6108,FW,2,2,155,1.7,0,1,0,0,0,0.3,0.3,0.0,0.3"
"146,Ahmed Elmohamady\615ef733,DF,14,8,839,9.3,0,0,0,2,0,0.5,0.5,0.6,1.1"
"147,Mohamed Elneny\47a34c4f,MF,23,17,1544,17.2,0,1,0,3,0,0.5,0.5,0.2,0.7"
"148,Jonny Evans\f8fcd2a5,DF,28,28,2473,27.5,2,2,0,7,0,1.7,1.7,0.3,2.0"
"149,Eberechi Eze\ae4fc6a4,MF,34,29,2559,28.4,6,4,0,3,0,2.2,2.2,2.8,5.1"
"150,?ukasz Fabia?ski\9328b835,GK,35,35,3150,35.0,0,0,0,2,0,0.0,0.0,0.0,0.0"
"151,Fabinho\7f3b388c,DFMF,30,28,2567,28.5,0,0,0,6,0,0.4,0.4,0.4,0.8"
"152,Bruno Fernandes\507c7bdf,MF,37,35,3099,34.4,12,9,9,6,0,15.4,7.8,11.0,18.8"
"153,Federico Fernández\f25b010f,DF,24,24,2079,23.1,0,0,0,4,0,0.3,0.3,0.3,0.6"
"154,Fernandinho\101da2b5,MF,21,12,1188,13.2,2,0,0,6,0,0.8,0.8,0.9,1.7"
"155,Sam Field\bd8a7d05,MF,3,0,62,0.7,0,0,0,0,0,0.0,0.0,0.0,0.0"
"156,Roberto Firmino\4c370d81,FW,36,33,2838,31.5,7,9,0,2,0,12.6,12.6,6.4,19.0"
"157,John Fleck\b63e789d,MF,31,29,2575,28.6,2,0,0,4,0,0.9,0.9,2.7,3.5"
"158,Phil Foden\ed1e53f3,FWMF,28,17,1616,18.0,5,9,0,0,0,5.5,5.5,4.1,9.7"
"159,Wesley Fofana\132a82f1,DF,28,27,2262,25.1,0,0,0,7,0,1.0,1.0,0.3,1.3"
"160,Pablo Fornals\82927de4,FWMF,33,31,2572,28.6,4,5,0,3,0,6.5,6.5,2.5,9.0"
"161,Fraser Forster\c3e39f12,GK,8,8,720,8.0,0,0,0,0,0,0.0,0.0,0.0,0.0"
"162,Timothy Fosu-Mensah\a9142dc3,DF,1,1,80,0.9,0,0,0,1,0,0.0,0.0,0.3,0.3"
"163,Tyrese Francois\6722d4f0,DF,1,0,15,0.2,0,0,0,0,0,0.0,0.0,0.0,0.0"
"164,Ryan Fraser\d56543a0,FWMF,18,9,928,10.3,2,0,0,2,1,0.9,0.9,2.1,3.0"
"165,Fred\b853e0ad,MF,30,27,2390,26.6,0,1,0,5,0,1.9,1.9,2.5,4.5"
"166,Ryan Fredericks\c067631c,DFFW,14,6,569,6.3,1,1,0,2,0,0.3,0.3,1.2,1.5"
"167,Christian Fuchs\a67a09fb,DF,9,8,702,7.8,0,0,0,4,0,0.1,0.1,0.0,0.1"
"168,Darnell Furlong\3ec9195b,DF,35,32,2932,32.6,3,1,0,5,0,2.0,2.0,2.1,4.1"
"169,Conor Gallagher\c2731c10,MF,30,28,2531,28.1,2,2,0,11,0,1.8,1.8,1.6,3.4"
"170,Eric García\2bed3eab,DF,6,3,383,4.3,0,0,0,0,0,0.1,0.1,0.1,0.2"
"171,Dwight Gayle\e58a03c6,FWMF,18,4,514,5.7,1,1,0,0,0,2.0,2.0,0.5,2.6"
"172,Jean-Philippe Gbamin\6bd603db,MF,1,0,12,0.1,0,0,0,0,0,0.0,0.0,0.0,0.0"
"173,David de Gea\7ba6d84e,GK,26,26,2295,25.5,0,0,0,0,0,0.0,0.0,0.0,0.0"
"174,Anwar El Ghazi\ffa90327,FW,28,17,1613,17.9,0,6,4,2,0,8.1,5.1,2.3,7.3"
"175,Kieran Gibbs\46ee5234,DF,10,9,809,9.0,0,0,0,1,1,0.0,0.0,0.3,0.3"
"176,Morgan Gibbs-White\32f60ed8,MFFW,11,4,414,4.6,0,1,0,1,0,1.0,1.0,0.6,1.6"
"177,Billy Gilmour\df10e27c,MF,5,3,261,2.9,0,0,0,0,0,0.0,0.0,0.1,0.2"
"178,Olivier Giroud\16ceb862,FW,17,8,748,8.3,0,4,0,1,0,4.8,4.8,0.7,5.5"
"179,Ben Godfrey\9f7c837d,DF,31,29,2685,29.8,2,0,0,4,0,0.9,0.9,0.5,1.4"
"180,André Gomes\1961b2aa,MF,28,17,1570,17.4,1,0,0,3,0,0.5,0.5,1.0,1.4"
"181,Joe Gomez\7a11550b,DF,7,6,590,6.6,0,0,0,0,0,0.0,0.0,0.0,0.0"
"182,Anthony Gordon\2bd83368,FWMF,3,1,88,1.0,0,0,0,0,0,0.0,0.0,0.0,0.0"
"183,Karlan Grant\87f7500e,FWMF,21,14,1127,12.5,0,1,0,1,0,2.1,2.1,0.0,2.1"
"184,Demarai Gray\4468ec10,FW,1,0,19,0.2,0,0,0,0,0,0.1,0.1,0.0,0.1"
"185,Jack Grealish\b0b4fd3e,FWMF,26,24,2185,24.3,10,6,0,6,0,4.3,4.3,8.6,12.9"
"186,Mason Greenwood\58eee997,FW,31,21,1822,20.2,2,7,0,2,0,7.4,7.4,1.8,9.2"
"187,Pascal Groß\8aec0537,MFDF,34,27,2484,27.6,8,0,3,3,0,5.6,2.5,5.5,8.0"
"188,Kamil Grosicki\81d8091f,FWMF,3,2,148,1.6,1,0,0,0,0,0.1,0.1,0.1,0.2"
"189,Vicente Guaita\ab13a5aa,GK,37,37,3330,37.0,0,0,0,2,0,0.0,0.0,0.0,0.0"
"190,?lkay Gündo?an\819b3158,MF,28,23,2029,22.5,2,12,1,1,0,9.0,7.5,4.5,12.0"
"191,Antwoine Hackford\a7588cdc,FWDF,1,0,11,0.1,0,0,0,0,0,0.1,0.1,0.0,0.1"
"192,Sébastien Haller\ba115a40,FW,16,10,937,10.4,0,3,0,0,0,2.9,2.9,1.2,4.1"
"193,Rekeem Harper\3c066877,MF,2,0,32,0.4,0,0,0,0,0,0.0,0.0,0.0,0.0"
"194,Jack Harrison\aa849a12,MF,36,34,2847,31.6,8,8,0,2,0,6.6,6.6,7.1,13.7"
"195,Kortney Hause\bf8fad51,DF,7,7,630,7.0,0,1,0,2,0,1.2,1.2,0.0,1.2"
"196,Kai Havertz\fed7cb61,MFFW,27,18,1520,16.9,3,4,0,2,0,6.3,6.3,1.6,7.8"
"197,Isaac Hayden\c951a6df,MFDF,24,22,1942,21.6,0,0,0,8,0,0.5,0.5,0.4,0.9"
"198,Michael Hector\5f1a2f31,DF,4,3,263,2.9,0,0,0,2,0,0.1,0.1,0.0,0.1"
"199,Ahmed Hegazi\5540c9dc,DF,1,1,90,1.0,0,0,0,0,0,0.0,0.0,0.0,0.0"
"200,Dean Henderson\e5a76dfe,GK,13,12,1125,12.5,0,0,0,3,0,0.0,0.0,0.0,0.0"
"201,Jordan Henderson\935e6b8f,MFDF,21,20,1704,18.9,1,1,0,0,0,1.7,1.7,1.4,3.0"
"202,Jeff Hendrick\989d5705,MF,22,17,1422,15.8,1,2,0,3,1,1.1,1.1,0.7,1.8"
"203,Pablo Hernández\c0398aca,MFFW,16,3,427,4.7,2,0,0,1,0,1.2,1.2,0.7,1.8"
"204,Son Heung-min\92e7e919,FW,37,36,3114,34.6,10,16,1,0,0,10.3,9.5,8.9,18.4"
"205,Ki-Jana Hoever\9a71e978,DF,12,5,577,6.4,0,0,0,1,0,0.1,0.1,0.2,0.3"
"206,Rob Holding\d79a8c87,DF,30,28,2558,28.4,1,0,0,2,0,1.1,1.1,0.2,1.4"
"207,Mason Holgate\d0042ab9,DF,28,26,2287,25.4,0,1,0,9,0,0.8,0.8,0.6,1.4"
"208,Conor Hourihane\fcab00a0,MF,4,3,225,2.5,1,1,0,0,0,0.5,0.5,0.8,1.3"
"209,Callum Hudson-Odoi\15f3ec41,FWDF,23,10,1059,11.8,3,2,0,0,0,1.4,1.4,3.1,4.5"
"210,Niall Huggins\6d646ff7,DF,1,0,38,0.4,0,0,0,0,0,0.0,0.0,0.0,0.0"
"211,Pierre Højbjerg\8b04d6c1,MF,38,38,3420,38.0,4,2,0,9,0,1.1,1.1,1.9,3.0"
"212,Odion Ighalo\03622183,FW,1,0,10,0.1,0,0,0,0,0,0.0,0.0,0.0,0.0"
"213,Kelechi Iheanacho\c92e1a31,FW,25,16,1459,16.2,2,12,0,1,0,7.8,7.0,2.9,10.0"
"214,Danny Ings\07802f7f,FW,29,26,2173,24.1,4,10,2,1,0,8.3,6.7,2.6,9.3"
"215,Branislav Ivanovi?\85f8571a,DF,13,8,767,8.5,0,0,0,2,0,0.6,0.6,0.1,0.6"
"216,Alex Iwobi\6ca5ec4b,FWDF,30,17,1542,17.1,2,1,0,0,0,1.1,1.1,1.8,2.9"
"217,José Izquierdo\ca2bc3df,DF,1,0,9,0.1,0,0,0,0,0,0.0,0.0,0.0,0.0"
"218,Phil Jagielka\3233eefd,DF,10,6,526,5.8,0,0,0,1,1,0.0,0.0,0.0,0.0"
"219,Alireza Jahanbakhsh\08452314,FWMF,21,6,528,5.9,1,0,0,3,0,1.6,1.6,3.2,4.8"
"220,Daniel James\c931d9f9,FW,15,11,910,10.1,1,3,0,3,0,2.3,2.3,1.2,3.5"
"221,Reece James\1265a93a,DF,32,25,2373,26.4,2,1,0,3,0,1.6,1.6,3.0,4.6"
"222,Alexandre Jankewitz\7c39363f,MF,2,1,3,0.0,0,0,0,0,1,0.0,0.0,0.0,0.0"
"223,Daniel Jebbison\03edb878,FW,4,3,284,3.2,0,1,0,0,0,1.6,1.6,0.0,1.6"
"224,Gabriel Jesus\b66315ae,FW,29,22,2063,22.9,4,9,0,2,0,8.8,8.8,3.4,12.2"
"225,Raúl Jiménez\b561db50,FW,10,10,823,9.1,0,4,0,0,0,2.4,2.4,0.8,3.1"
"226,Joelinton\c17bfb65,FWMF,31,23,1983,22.0,2,3,1,3,0,6.1,5.3,2.1,7.5"
"227,Ben Johnson\9319781b,DF,14,5,523,5.8,0,1,0,1,0,0.4,0.4,0.2,0.6"
"228,Sam Johnstone\9e5708be,GK,37,37,3330,37.0,1,0,0,1,0,0.0,0.0,0.4,0.4"
"229,Curtis Jones\4fb9c88f,MF,24,13,1179,13.1,2,1,0,2,0,1.4,1.4,1.6,3.0"
"230,Jorginho\45db685d,MF,28,23,2010,22.3,1,0,7,2,0,7.0,0.1,2.1,2.2"
"231,Willian José\d87e2cae,FW,17,12,1110,12.3,0,1,0,0,0,1.9,1.9,0.6,2.4"
"232,Diogo Jota\178ae8f8,FW,19,12,1112,12.4,0,9,0,2,0,6.6,6.6,1.6,8.2"
"233,James Justin\fb614c44,DF,23,23,2070,23.0,1,2,0,4,0,1.6,1.6,1.6,3.2"
"234,Ozan Kabak\2d61d13a,DF,9,9,801,8.9,0,0,0,3,0,0.1,0.1,0.2,0.3"
"235,Aboubakar Kamara\4047c976,FWDF,11,2,315,3.5,0,0,0,1,1,0.4,0.4,0.4,0.8"
"236,Harry Kane\21a66f6a,FW,35,35,3082,34.2,14,19,4,1,0,20.5,17.5,7.4,24.8"
"237,N'Golo Kanté\b9fbae28,MF,30,24,2146,23.8,2,0,0,7,0,0.9,0.9,1.1,2.0"
"238,Moise Kean\3d50bcdb,FW,2,0,15,0.2,0,0,0,0,0,0.0,0.0,0.0,0.0"
"239,Michael Keane\c5b7c315,DF,35,33,2991,33.2,1,3,0,4,0,1.2,1.2,1.1,2.3"
"240,Neeskens Kebano\18b999f4,FWMF,5,1,119,1.3,0,0,0,0,0,0.3,0.3,0.0,0.3"
"241,Naby Keïta\f25c8e3a,MF,10,7,520,5.8,0,0,0,1,0,0.5,0.5,0.8,1.3"
"242,Caoimhín Kelleher\62d7ef38,GK,2,2,180,2.0,0,0,0,0,0,0.0,0.0,0.0,0.0"
"243,Martin Kelly\d7492450,DF,1,0,2,0.0,0,0,0,0,0,0.0,0.0,0.0,0.0"
"244,Jonjoe Kenny\099e666f,DFFW,4,1,79,0.9,0,0,0,0,0,0.0,0.0,0.0,0.0"
"245,Reda Khadra\88acf83f,FW,1,0,5,0.1,0,0,0,0,0,0.0,0.0,0.0,0.0"
"246,Max Kilman\d0f72bf1,DF,18,14,1310,14.6,1,0,0,4,0,0.4,0.4,0.5,1.0"
"247,Joshua King\43458538,MFFW,11,0,148,1.6,0,0,0,0,0,0.8,0.8,0.0,0.8"
"248,Mateusz Klich\282679b4,MF,35,28,2393,26.6,5,2,2,6,0,3.3,1.8,3.9,5.7"
"249,Robin Koch\ea6bc03a,DFMF,17,13,1132,12.6,0,0,0,1,0,0.8,0.8,0.2,1.0"
"250,Sead Kolašinac\3935e52e,DF,1,1,90,1.0,0,0,0,0,0,0.0,0.0,0.0,0.0"
"251,Terence Kongolo\1f9a3a04,DF,1,1,90,1.0,0,0,0,0,0,0.0,0.0,0.0,0.0"
"252,Ezri Konsa\0313a347,DF,36,35,3196,35.5,0,2,0,3,0,2.1,2.1,0.2,2.3"
"253,Cheikhou Kouyaté\8d3c902d,DF,36,35,3121,34.7,0,1,0,4,0,0.8,0.8,0.2,1.0"
"254,Mateo Kova?i?\79c0821a,MF,27,21,1815,20.2,1,0,0,4,0,1.0,1.0,1.8,2.9"
"255,Emil Krafth\77cf6852,DF,16,14,1288,14.3,0,1,0,4,0,0.2,0.2,0.4,0.5"
"256,Filip Krovinovi?\c2dfedeb,MF,11,5,546,6.1,0,0,0,0,0,0.2,0.2,0.3,0.5"
"257,Alexandre Lacazette\9dbb75ca,FW,31,22,1923,21.4,2,10,3,3,0,9.7,7.4,2.7,10.1"
"258,Adam Lallana\99813635,MFFW,30,16,1596,17.7,1,1,0,0,0,2.4,2.4,2.8,5.3"
"259,Érik Lamela\abe66106,FWMF,23,5,717,8.0,0,1,0,6,1,1.4,1.4,0.9,2.4"
"260,Tariq Lamptey\f4e433d4,DF,11,11,886,9.8,1,1,0,4,1,0.6,0.6,1.1,1.7"
"261,Manuel Lanzini\26f6dca8,MFFW,17,5,566,6.3,1,1,0,1,0,1.2,1.2,0.9,2.0"
"262,Aymeric Laporte\119b9a8e,DF,16,14,1344,14.9,0,0,0,1,0,0.8,0.8,0.7,1.5"
"263,Jamaal Lascelles\450ab6fc,DF,19,19,1625,18.1,0,2,0,4,0,1.0,1.0,0.0,1.0"
"264,Maxime Le Marchand\321a71a7,DF,2,1,123,1.4,0,0,0,2,0,0.0,0.0,0.0,0.0"
"265,Mario Lemina\2b471f99,MF,28,19,1703,18.9,0,1,0,5,0,0.9,0.9,0.8,1.8"
"266,Bernd Leno\2628fd2b,GK,35,35,3131,34.8,0,0,0,0,1,0.0,0.0,0.0,0.0"
"267,Khanya Leshabela\383e68b1,MF,1,0,10,0.1,0,0,0,0,0,0.0,0.0,0.0,0.0"
"268,Jamal Lewis\efb9215a,DF,24,20,1837,20.4,1,0,0,4,0,0.2,0.2,1.6,1.8"
"269,Victor Lindelöf\f5deef4c,DF,29,29,2585,28.7,1,1,0,0,0,0.7,0.7,0.7,1.3"
"270,Jesse Lingard\810e3c74,MFFW,16,16,1421,15.8,4,8,1,3,0,5.1,3.4,1.5,4.9"
"271,Jake Livermore\b98570d1,MF,18,15,1242,13.8,0,0,0,2,1,0.2,0.2,0.2,0.5"
"272,Diego Llorente\bba30585,DF,15,14,1204,13.4,0,1,0,1,0,0.7,0.7,0.6,1.4"
"273,Hugo Lloris\8f62b6ee,GK,38,38,3420,38.0,0,0,0,0,0,0.0,0.0,0.0,0.0"
"274,Giovani Lo Celso\d7553721,MF,18,11,945,10.5,1,1,0,5,0,1.2,1.2,1.3,2.4"
"275,Ruben Loftus-Cheek\e97fd090,FW,1,1,60,0.7,0,0,0,0,0,0.0,0.0,0.0,0.0"
"276,Ruben Loftus-Cheek\e97fd090,MFFW,30,21,1909,21.2,0,1,0,3,0,3.1,3.1,1.4,4.5"
"277,Kevin Long\5a4280b1,DF,8,7,637,7.1,0,0,0,2,0,0.3,0.3,0.0,0.3"
"278,Shane Long\9f472354,FW,11,1,210,2.3,0,0,0,0,0,0.0,0.0,0.0,0.0"
"279,Matthew Longstaff\c0027d2d,MF,5,4,377,4.2,0,0,0,0,0,0.0,0.0,0.1,0.1"
"280,Sean Longstaff\a2b105e0,MF,22,15,1412,15.7,1,0,0,2,0,1.4,1.4,1.1,2.5"
"281,Ademola Lookman\7c104bb7,FWMF,34,31,2747,30.5,4,4,0,5,0,5.5,4.8,5.2,10.0"
"282,Max Lowe\7af88b33,DF,8,7,550,6.1,0,0,0,1,0,0.1,0.1,0.2,0.3"
"283,Matthew Lowton\9a9c05db,DF,34,34,3060,34.0,1,1,0,5,0,0.7,0.7,2.3,3.0"
"284,David Luiz\c0e27d1a,DF,20,17,1396,15.5,0,1,0,1,1,0.9,0.9,0.4,1.3"
"285,Douglas Luiz\6f7d826d,MF,33,32,2781,30.9,2,0,0,10,1,1.5,1.5,1.5,3.0"
"286,John Lundstram\0df2b165,MF,28,23,2032,22.6,2,0,0,8,1,2.0,1.3,1.2,2.5"
"287,Alexis Mac Allister\83d074ff,MFFW,21,13,1115,12.4,1,1,0,1,0,1.1,1.1,2.4,3.5"
"288,James Maddison\ee38d9c5,MFFW,31,24,2099,23.3,5,8,0,4,0,4.4,4.4,5.3,9.7"
"289,Harry Maguire\d8931174,DF,34,34,3047,33.9,1,2,0,11,0,2.1,2.1,0.3,2.4"
"290,Riyad Mahrez\892d5bb1,FW,27,23,1949,21.7,6,9,0,0,0,5.6,5.6,5.9,11.5"
"291,Ainsley Maitland-Niles\e3a5814e,DF,11,5,490,5.4,0,0,0,0,0,0.1,0.1,0.2,0.3"
"292,Ainsley Maitland-Niles\e3a5814e,MF,15,14,1230,13.7,0,0,0,2,0,0.7,0.7,0.7,1.4"
"293,Josh Maja\bc0bfc64,FWMF,15,9,810,9.0,0,2,1,0,0,4.8,4.0,1.1,5.1"
"294,Sadio Mané\c691bfe2,FW,35,31,2810,31.2,7,11,0,3,0,15.2,15.2,5.7,20.9"
"295,Javier Manquillo\758dd7f0,DF,13,10,825,9.2,0,0,0,1,0,0.0,0.0,0.2,0.3"
"296,Fernando Marçal\9ae9eaea,DF,13,7,623,6.9,0,0,0,2,0,0.1,0.1,0.2,0.2"
"297,Solly March\bb5fbd2b,DF,21,19,1672,18.6,1,2,0,0,0,1.7,1.7,1.7,3.4"
"298,Pablo Marí\aa54ec6f,DF,10,10,900,10.0,0,0,0,2,0,0.0,0.0,0.0,0.0"
"299,Anthony Martial\8b788c01,FW,22,17,1480,16.4,3,4,0,0,1,6.5,6.5,2.0,8.5"
"300,Martinelli\48a5a5d6,FW,14,7,589,6.5,1,2,0,0,0,3.4,3.4,2.1,5.5"
"301,Emiliano Martínez\7956236f,GK,38,38,3420,38.0,0,0,0,1,0,0.0,0.0,0.2,0.2"
"302,Arthur Masuaku\57df7a11,DFFW,12,12,1006,11.2,2,0,0,2,0,0.3,0.3,1.9,2.2"
"303,Juan Mata\29733c72,FWMF,9,6,509,5.7,2,0,1,0,0,1.1,0.3,0.8,1.2"
"304,Jean-Philippe Mateta\50e6dc35,FW,7,2,221,2.5,0,1,0,0,0,0.2,0.2,0.0,0.2"
"305,Nemanja Mati?\eb7822d7,MF,20,12,1106,12.3,0,0,0,2,0,0.3,0.3,0.4,0.7"
"306,Joël Matip\b217ef29,DF,10,9,691,7.7,2,1,0,2,0,0.6,0.6,1.0,1.7"
"307,Neal Maupay\4bcf39f6,FWMF,33,29,2512,27.9,2,5,3,1,1,13.0,9.9,3.6,13.5"
"308,James McArthur\cee31595,MF,18,17,1466,16.3,2,0,0,3,0,0.2,0.2,0.9,1.1"
"309,Oliver McBurnie\78b8ac63,FW,23,12,1324,14.7,0,1,0,2,0,3.1,3.1,1.1,4.1"
"310,Alex McCarthy\36c2ca73,GK,30,30,2700,30.0,0,0,0,2,0,0.0,0.0,0.0,0.0"
"311,James McCarthy\64b08de7,MF,16,10,821,9.1,0,0,0,1,0,0.0,0.0,0.3,0.3"
"312,John McGinn\90f91999,MF,37,37,3330,37.0,5,3,0,12,0,2.2,2.2,3.0,5.3"
"313,David McGoldrick\dbe56a33,FWMF,35,28,2397,26.6,1,8,0,7,0,6.9,6.9,1.3,8.2"
"314,Dwight McNeil\fc15fb84,MF,36,34,3069,34.1,5,2,0,1,0,1.1,1.1,6.5,7.6"
"315,Scott McTominay\d93c2511,MF,32,24,2129,23.7,1,4,0,3,0,2.1,2.1,0.9,3.1"
"316,Ben Mee\8df7a2fb,DF,30,30,2693,29.9,0,2,0,3,0,1.6,1.6,0.3,2.0"
"317,Hannibal Mejbri\ca22ccb0,MF,1,0,9,0.1,0,0,0,0,0,0.0,0.0,0.0,0.0"
"318,Benjamin Mendy\5271c8f1,DF,13,11,953,10.6,1,2,0,2,0,0.4,0.4,0.4,0.9"
"319,Edouard Mendy\33887998,GK,31,31,2745,30.5,0,0,0,2,0,0.0,0.0,0.0,0.0"
"320,Nampalys Mendy\1598599e,MF,23,15,1459,16.2,1,0,0,5,0,0.1,0.1,0.4,0.4"
"321,Illan Meslier\6b625ac2,GK,35,35,3150,35.0,0,0,0,0,0,0.0,0.0,0.1,0.1"
"322,Luka Milivojevi?\2ce2508a,MF,31,27,2359,26.2,1,0,1,8,1,2.3,0.8,1.3,2.1"
"323,James Milner\2f90f6b8,MFDF,26,11,1070,11.9,1,0,0,3,0,0.4,0.4,1.2,1.7"
"324,Yerry Mina\6d5701f2,DF,24,23,1937,21.5,0,2,0,2,0,1.3,1.3,0.0,1.3"
"325,Takumi Minamino\f833a830,MFFW,9,2,293,3.3,0,1,0,0,0,0.7,0.7,0.0,0.7"
"326,Takumi Minamino\f833a830,MFFW,10,9,711,7.9,0,2,0,1,0,1.2,1.2,0.5,1.7"
"327,Tyrone Mings\8397a50c,DF,36,36,3194,35.5,2,2,0,6,1,1.9,1.9,0.6,2.5"
"328,Tyrick Mitchell\5cbd1eb0,DF,19,19,1710,19.0,1,1,0,1,0,0.4,0.4,0.4,0.8"
"329,Aleksandar Mitrovi?\3925dbd6,FW,27,13,1402,15.6,3,2,1,3,0,6.5,5.0,2.6,7.6"
"330,Jakub Moder\f230bc30,DFMF,12,7,647,7.2,0,0,0,0,0,0.9,0.9,0.2,1.0"
"331,Jayson Molumby\c908a1bc,MF,1,0,1,0.0,0,0,0,0,0,0.0,0.0,0.0,0.0"
"332,Wesley Moraes\bfae110f,MFFW,3,0,18,0.2,0,0,0,0,0,0.0,0.0,0.0,0.0"
"333,Wes Morgan\80c31c97,DF,3,0,18,0.2,0,0,0,0,0,0.0,0.0,0.0,0.0"
"334,Mason Mount\9674002f,MFFW,36,32,2890,32.1,5,5,1,2,0,6.8,6.0,7.8,13.8"
"335,Lucas Moura\2b622f01,FWMF,30,14,1411,15.7,4,3,0,1,0,2.2,2.2,2.3,4.5"
"336,Lys Mousset\d9cfca3d,FWMF,11,2,296,3.3,0,0,0,0,0,0.7,0.7,0.3,1.1"
"337,João Moutinho\f5a00fa4,MF,33,28,2528,28.1,1,1,0,5,1,0.7,0.7,2.6,3.3"
"338,Joel Mumbongo\f8e588df,FW,4,0,40,0.4,0,0,0,1,0,0.0,0.0,0.0,0.0"
"339,Jacob Murphy\de112b84,DFMF,26,17,1626,18.1,3,2,0,3,0,1.2,1.2,2.4,3.6"
"340,Shkodran Mustafi\3f2d59fe,DF,3,0,47,0.5,0,0,0,0,0,0.0,0.0,0.0,0.0"
"341,Marvelous Nakamba\de5b5570,MF,13,9,749,8.3,0,0,0,3,0,0.0,0.0,0.0,0.1"
"342,Iliman Ndiaye\5ed97752,MF,1,0,12,0.1,0,0,0,0,0,0.0,0.0,0.0,0.0"
"343,Wilfred Ndidi\6b47c5db,MFDF,26,25,2176,24.2,4,1,0,6,0,0.8,0.8,1.5,2.2"
"344,Tanguy Ndombele\5cdddffa,MF,33,28,2091,23.2,2,3,0,3,0,1.4,1.4,2.4,3.8"
"345,Reiss Nelson\c5bdb6e3,FW,2,0,71,0.8,0,0,0,0,0,0.0,0.0,0.0,0.0"
"346,Pedro Neto\7ba2eaa9,FWMF,31,30,2550,28.3,6,5,0,4,0,4.8,4.8,6.2,11.0"
"347,Rúben Neves\44bfb6c5,MF,36,31,2675,29.7,1,2,3,8,0,5.1,2.9,2.1,5.0"
"348,Eddie Nketiah\a53649b7,FW,17,4,423,4.7,1,2,0,0,0,2.4,2.4,0.8,3.3"
"349,Niels Nkounkou\f5b281e7,DFFW,2,1,81,0.9,0,0,0,1,0,0.0,0.0,0.0,0.0"
"350,Dan Nlundulu\30040f5d,FW,13,0,111,1.2,0,0,0,0,0,0.1,0.1,0.0,0.1"
"351,Mark Noble\ff527768,MF,21,8,712,7.9,0,0,0,1,0,0.0,0.0,0.2,0.2"
"352,Will Norris\c73ada83,GK,2,2,180,2.0,0,0,0,0,0,0.0,0.0,0.1,0.1"
"353,Oliver Norwood\43439614,MF,32,26,2220,24.7,0,0,0,6,0,0.5,0.5,1.7,2.1"
"354,Jack O'Connell\312626c1,DF,2,2,180,2.0,0,0,0,0,0,0.0,0.0,0.0,0.0"
"355,Dara O'Shea\1d042188,DF,28,25,2102,23.4,0,0,0,3,0,0.2,0.2,0.1,0.3"
"356,Michael Obafemi\caa1a7f0,FW,4,0,61,0.7,0,0,0,0,0,0.0,0.0,0.1,0.1"
"357,Denis Odoi\f7750aa0,DF,3,3,270,3.0,0,0,0,1,0,0.1,0.1,0.1,0.1"
"358,Angelo Ogbonna\74b2cd7e,DF,28,28,2492,27.7,0,3,0,5,0,1.5,1.5,1.0,2.5"
"359,Robin Olsen\e7ee38c3,GK,7,7,630,7.0,0,0,0,1,0,0.0,0.0,0.0,0.0"
"360,Josh Onomah\6612cd8c,MF,11,4,374,4.2,0,0,0,1,0,0.6,0.6,0.1,0.7"
"361,Divock Origi\43a166b4,FW,9,2,186,2.1,0,0,0,0,0,1.0,1.0,0.2,1.2"
"362,Ben Osborn\79bc4c45,MFDF,24,17,1604,17.8,0,1,0,1,0,1.2,1.2,2.1,3.3"
"363,Owen Otasowie\6956ff08,MFFW,6,2,187,2.1,1,0,0,1,0,0.6,0.6,0.1,0.7"
"364,Alex Oxlade-Chamberlain\38c7feef,FWMF,13,2,253,2.8,1,1,0,0,0,0.4,0.4,0.2,0.6"
"365,Emerson Palmieri\e0bc6fdc,DF,2,0,90,1.0,0,0,0,0,0,0.0,0.0,0.0,0.0"
"366,Thomas Partey\529f49ab,MF,24,18,1534,17.0,2,0,0,5,0,1.3,1.3,1.0,2.3"
"367,Rui Patrício\79b0d6a0,GK,37,37,3329,37.0,0,0,0,1,0,0.0,0.0,0.0,0.0"
"368,Bailey Peacock-Farrell\4879f8cb,GK,4,4,360,4.0,0,0,0,0,0,0.0,0.0,0.0,0.0"
"369,Lee Peltier\af341b88,DF,4,3,229,2.5,0,0,0,1,0,0.0,0.0,0.0,0.0"
"370,Nicolas Pépé\57e3f0c7,FW,29,16,1616,18.0,1,9,1,1,1,7.0,6.2,0.9,7.1"
"371,Matheus Pereira\b04ee927,MFFW,33,30,2577,28.6,6,7,4,2,1,7.2,4.1,5.4,9.5"
"372,Ricardo Pereira\75a72a99,DF,15,10,959,10.7,1,0,0,3,0,0.4,0.4,0.5,0.9"
"373,Ayoze Pérez\819aa8e7,MFFW,25,15,1331,14.8,1,2,0,2,0,3.2,3.2,1.2,4.5"
"374,Kalvin Phillips\4f565d77,MF,29,28,2428,27.0,2,1,0,10,0,0.4,0.4,3.8,4.1"
"375,Matt Phillips\7bb5f40e,MFFW,33,20,1828,20.3,1,2,0,1,0,2.5,2.5,3.1,5.6"
"376,Nathaniel Phillips\515ebe8d,DF,17,15,1456,16.2,1,1,0,2,0,1.1,1.1,0.4,1.5"
"377,Jaden Philogene Bidace\19f4d211,FW,1,0,1,0.0,0,0,0,0,0,0.0,0.0,0.0,0.0"
"378,Jordan Pickford\4806ec67,GK,31,31,2742,30.5,0,0,0,1,0,0.0,0.0,0.0,0.0"
"379,Erik Pieters\1ef37668,DFMF,20,13,1266,14.1,1,0,0,1,0,0.2,0.2,0.5,0.7"
"380,Daniel Podence\7fcc71d8,MFFW,24,22,1661,18.5,2,3,0,3,0,3.1,3.1,1.9,5.0"
"381,Paul Pogba\867239d3,MFFW,26,21,1897,21.1,3,3,0,3,0,2.1,2.1,2.1,4.2"
"382,Nick Pope\4b40d9ca,GK,32,32,2880,32.0,0,0,0,1,0,0.0,0.0,0.4,0.4"
"383,Dennis Praet\86695068,MFFW,15,10,718,8.0,1,1,0,0,0,0.5,0.5,0.8,1.3"
"384,Davy Pröpper\fdd85f94,MF,7,2,213,2.4,0,0,0,0,0,0.1,0.1,0.0,0.1"
"385,Christian Pulisic\1bf33a9a,FWMF,27,18,1738,19.3,2,4,0,2,0,5.4,5.4,2.8,8.2"
"386,Aaron Ramsdale\466fb2c5,GK,38,38,3420,38.0,0,0,0,1,0,0.0,0.0,0.2,0.2"
"387,Jacob Ramsey\1544f145,MFFW,22,6,626,7.0,0,0,0,0,0,0.5,0.5,0.3,0.8"
"388,Kayne Ramsey\dc31b84c,DF,1,1,90,1.0,0,0,0,1,0,0.0,0.0,0.0,0.0"
"389,Darren Randolph\6385ebfb,GK,3,3,270,3.0,0,0,0,0,0,0.0,0.0,0.0,0.0"
"390,Marcus Rashford\a1d5bd30,FW,37,33,2920,32.4,9,11,0,4,0,9.3,9.3,3.6,12.9"
"391,Tim Ream\28b40c9c,DF,7,7,630,7.0,0,0,0,0,0,0.0,0.0,0.0,0.0"
"392,Nathan Redmond\ab651565,MFFW,29,17,1738,19.3,3,2,0,1,0,3.3,3.3,3.2,6.6"
"393,Harrison Reed\803ae100,MF,31,26,2247,25.0,2,0,0,5,0,0.3,0.3,1.4,1.8"
"394,Sergio Reguilón\3353737a,DF,27,26,2244,24.9,3,0,0,5,0,1.6,1.6,1.7,3.2"
"395,Bobby Reid\0f7533cd,MFDF,33,28,2372,26.4,2,5,0,7,0,4.8,4.8,1.4,6.2"
"396,Declan Rice\1c7012b8,MF,32,32,2879,32.0,1,1,1,2,0,3.0,1.5,2.1,3.5"
"397,Lewis Richardson\4fa62ae4,FWMF,2,0,4,0.0,0,0,0,0,0,0.0,0.0,0.0,0.0"
"398,Richarlison\fa031b34,FW,34,33,2861,31.8,3,6,1,4,1,11.5,10.7,3.2,13.8"
"399,Jaïro Riedewald\7a1f2c08,MF,33,19,1820,20.2,0,2,0,4,0,0.7,0.7,1.0,1.6"
"400,Matt Ritchie\71ef519e,DFMF,18,15,1350,15.0,2,0,0,2,0,0.4,0.4,1.5,1.9"
"401,Tyler Roberts\6c17e046,MFFW,27,14,1340,14.9,2,1,0,3,0,2.1,2.1,1.8,3.8"
"402,Andrew Robertson\2e4f5f03,DF,38,38,3383,37.6,7,1,0,2,0,1.4,1.4,6.9,8.2"
"403,Antonee Robinson\289601e6,DF,28,24,2162,24.0,0,0,0,4,1,0.6,0.6,1.6,2.2"
"404,Callum Robinson\e75750a3,FWMF,28,20,1560,17.3,0,5,0,0,0,3.1,3.1,0.8,3.9"
"405,Jack Robinson\7399c7a8,DF,11,9,877,9.7,1,0,0,3,0,0.4,0.4,0.9,1.2"
"406,Hal Robson-Kanu\fb2dec57,FWMF,19,2,561,6.2,0,2,0,2,0,1.5,1.5,0.4,1.9"
"407,Marek Rodák\17acc2ed,GK,2,2,180,2.0,0,0,0,0,0,0.0,0.0,0.0,0.0"
"408,Joe Rodon\8d62d31a,DF,12,8,733,8.1,0,0,0,0,0,0.0,0.0,0.0,0.0"
"409,Rodri\6434f10d,MF,34,31,2748,30.5,2,1,1,6,0,2.5,1.7,1.7,3.4"
"410,Rodrigo\1fb1c435,MFFW,26,14,1288,14.3,2,7,0,3,0,6.3,6.3,2.4,8.6"
"411,James Rodríguez\715bf047,FWMF,23,21,1764,19.6,4,6,0,4,0,3.4,3.4,5.4,8.8"
"412,Jay Rodriguez\4ab53cdb,FWMF,31,12,1265,14.1,2,1,0,3,0,2.6,2.6,1.7,4.3"
"413,Oriol Romeu\4b511457,MF,21,20,1763,19.6,1,1,0,6,0,0.4,0.4,1.1,1.5"
"414,John Ruddy\da8b19e2,GK,2,1,91,1.0,0,0,0,0,0,0.0,0.0,0.0,0.0"
"415,Antonio Rüdiger\18b896d6,DF,19,19,1710,19.0,0,1,0,0,0,1.1,1.1,0.3,1.4"
"416,Mathew Ryan\4535e4bb,GK,11,11,990,11.0,0,0,0,1,0,0.0,0.0,0.0,0.0"
"417,Mathew Ryan\4535e4bb,GK,3,3,270,3.0,0,0,0,0,0,0.0,0.0,0.0,0.0"
"418,Allan Saint-Maximin\2b16cb1a,FWMF,25,19,1560,17.3,4,3,0,0,0,2.6,2.6,3.3,5.9"
"419,Romain Saïss\9fbbcf39,DF,27,27,2407,26.7,0,3,0,2,0,3.5,3.5,0.3,3.8"
"420,Bukayo Saka\bc7dc64d,FWDF,32,30,2553,28.4,3,5,0,1,0,6.9,6.9,4.7,11.6"
"421,Mamadou Sakho\87935cf3,DF,4,3,276,3.1,0,0,0,0,0,0.0,0.0,0.0,0.0"
"422,Mohamed Salah\e342ad68,FW,37,34,3078,34.2,5,16,6,0,0,20.9,16.4,6.3,22.6"
"423,Mohammed Salisu\0b33f6ad,DF,12,8,844,9.4,0,0,0,1,0,0.4,0.4,0.0,0.4"
"424,Davinson Sánchez\da7b447d,DF,18,17,1486,16.5,0,0,0,1,0,1.1,1.1,0.0,1.1"
"425,Robert Sánchez\6a713852,GK,27,27,2430,27.0,0,0,0,2,0,0.0,0.0,0.0,0.0"
"426,Morgan Sanson\6e7f1353,MF,9,3,294,3.3,0,0,0,3,0,0.0,0.0,0.1,0.2"
"427,Romaine Sawyers\77bb1522,MF,19,17,1487,16.5,0,0,0,2,0,0.1,0.1,0.4,0.5"
"428,Dane Scarlett\21945a9e,FW,1,0,1,0.0,0,0,0,0,0,0.0,0.0,0.0,0.0"
"429,Fabian Schär\c8aa95da,DF,18,13,1246,13.8,0,0,1,4,1,1.2,0.4,0.0,0.4"
"430,Jeffrey Schlupp\3312f911,MF,27,15,1428,15.9,3,2,0,3,0,1.6,1.6,1.7,3.3"
"431,Kasper Schmeichel\53af52f3,GK,38,38,3420,38.0,0,0,0,0,0,0.0,0.0,0.0,0.0"
"432,Nélson Semedo\d04b94db,DF,34,34,2983,33.1,1,1,0,5,0,1.9,1.9,1.1,3.0"
"433,Femi Seriki\e4e0deaa,DF,1,0,1,0.0,0,0,0,0,0,0.0,0.0,0.0,0.0"
"434,Jamie Shackleton\8d03ca5a,MFDF,13,3,461,5.1,0,0,0,0,0,0.0,0.0,0.3,0.3"
"435,Xherdan Shaqiri\6421ec64,MFFW,14,5,556,6.2,2,0,0,2,0,0.4,0.4,3.0,3.4"
"436,Billy Sharp\e8c9f4e9,FW,16,7,735,8.2,0,1,2,1,0,2.7,1.2,0.6,1.8"
"437,Luke Shaw\9c94165b,DF,32,30,2654,29.5,5,1,0,8,0,0.7,0.7,5.2,5.9"
"438,Jonjo Shelvey\3727dd3c,MF,30,29,2617,29.1,3,1,0,7,0,2.5,2.5,2.7,5.2"
"439,Shola Shoretire\00f0482f,FW,2,0,11,0.1,0,0,0,0,0,0.0,0.0,0.0,0.0"
"440,Gylfi Sigurðsson\76dd1480,MF,36,24,2253,25.0,5,3,3,2,0,6.8,3.7,5.0,8.7"
"441,Bernardo Silva\3eb22ec9,MFFW,26,24,2065,22.9,6,2,0,5,0,2.8,2.8,3.7,6.5"
"442,Fábio Silva\e7aa9d7c,FW,32,11,1369,15.2,3,3,1,2,0,6.0,5.3,0.5,5.8"
"443,Thiago Silva\86e7deaf,DF,23,23,1935,21.5,0,2,0,5,1,1.1,1.1,0.3,1.5"
"444,Moussa Sissoko\2acd49b9,MF,25,15,1585,17.6,0,0,0,3,0,0.4,0.4,0.5,0.9"
"445,Islam Slimani\ffec9769,FW,1,0,20,0.2,0,0,0,0,0,0.0,0.0,0.0,0.1"
"446,William Smallbone\5e105217,MF,3,2,172,1.9,0,0,0,0,0,0.1,0.1,0.0,0.1"
"447,Emile Smith Rowe\17695062,MFFW,20,18,1440,16.0,4,2,0,0,0,2.0,2.0,3.0,5.0"
"448,Robert Snodgrass\9f4647e9,MFFW,8,6,526,5.8,0,0,0,2,0,0.2,0.2,0.3,0.5"
"449,Robert Snodgrass\9f4647e9,FWDF,3,0,5,0.1,0,0,0,0,0,0.0,0.0,0.0,0.0"
"450,Cédric Soares\839c14e1,DF,10,8,746,8.3,1,0,0,1,0,0.2,0.2,0.9,1.1"
"451,Tomáš Sou?ek\6613c819,MF,38,38,3419,38.0,1,10,0,7,1,9.2,9.2,1.5,10.7"
"452,Ça?lar Söyüncü\21166ff4,DF,23,19,1819,20.2,0,1,0,2,0,0.5,0.5,0.2,0.7"
"453,Zack Steffen\42130443,GK,1,1,90,1.0,0,0,0,0,0,0.0,0.0,0.0,0.0"
"454,Dale Stephens\653ee42d,MF,7,3,261,2.9,0,0,0,1,0,0.2,0.2,0.0,0.2"
"455,Jack Stephens\6adbc307,DF,18,17,1537,17.1,0,0,0,2,0,0.7,0.7,0.5,1.3"
"456,Raheem Sterling\b400bde0,FW,31,28,2536,28.2,7,10,0,4,0,12.2,11.4,4.8,16.3"
"457,Enda Stevens\17d4507a,DF,30,30,2700,30.0,1,0,0,6,0,1.1,1.1,1.6,2.7"
"458,John Stones\5eecec3d,DF,22,22,1933,21.5,0,4,0,0,1,2.2,2.2,0.1,2.3"
"459,Pascal Struijk\f4d296e4,DFMF,27,22,2075,23.1,0,1,0,3,0,2.4,2.4,0.2,2.6"
"460,Japhet Tanganga\e9971f2d,DF,6,6,487,5.4,0,0,0,2,0,0.2,0.2,0.0,0.2"
"461,Matt Targett\e514ab62,DF,38,38,3404,37.8,2,0,0,7,0,0.2,0.2,3.1,3.4"
"462,James Tarkowski\15ea812b,DF,36,36,3240,36.0,0,1,0,6,0,2.6,2.6,0.7,3.3"
"463,Percy Tau\4d0eb7d2,FWMF,3,1,103,1.1,1,0,0,0,0,0.0,0.0,0.3,0.3"
"464,Sidnei Tavares\3add8ed8,MF,2,1,85,0.9,0,0,0,0,0,0.1,0.1,0.0,0.1"
"465,Charlie Taylor\cc2d7ad5,DF,29,28,2426,27.0,1,0,0,1,0,0.1,0.1,1.8,1.8"
"466,Neil Taylor\c2f9d19f,DF,1,0,16,0.2,0,0,0,1,0,0.0,0.0,0.0,0.0"
"467,Allan Tchaptchet\ab7d7882,DF,1,0,13,0.1,0,0,0,0,0,0.0,0.0,0.0,0.0"
"468,Nathan Tella\f1e94cd6,FWMF,18,7,745,8.3,1,1,0,2,0,1.8,1.8,0.8,2.6"
"469,Alex Telles\e73c9bb2,DF,9,8,690,7.7,2,0,0,0,0,0.2,0.2,1.1,1.3"
"470,Kenny Tete\77d7c96f,DF,22,18,1481,16.5,1,0,0,3,0,0.2,0.2,1.6,1.8"
"471,William Thomas Fish\b2ee9d2c,DF,1,0,1,0.0,0,0,0,0,0,0.0,0.0,0.0,0.0"
"472,Luke Thomas\fc027d02,DF,14,12,969,10.8,0,1,0,2,0,0.3,0.3,0.2,0.6"
"473,Youri Tielemans\56f7a928,MF,38,37,3357,37.3,4,4,2,6,0,4.5,3.0,3.3,6.3"
"474,Kieran Tierney\fce2302c,DF,27,26,2299,25.5,3,1,0,4,0,0.4,0.4,4.1,4.5"
"475,James Tomkins\e7ca0439,DF,8,6,553,6.1,0,0,0,1,0,0.2,0.2,0.1,0.3"
"476,Fikayo Tomori\7edfbb8a,DF,1,0,45,0.5,0,0,0,0,0,0.0,0.0,0.0,0.0"
"477,Ferrán Torres\9e1035f8,FWMF,24,15,1306,14.5,2,7,0,1,0,5.4,5.4,1.9,7.3"
"478,Cenk Tosun\9a104dee,FW,5,0,48,0.5,0,0,0,1,0,0.0,0.0,0.1,0.1"
"479,Andros Townsend\b28bbd58,MFFW,34,25,2258,25.1,5,1,0,0,0,2.3,2.3,3.7,6.0"
"480,Conor Townsend\4dc4f138,DF,25,25,2234,24.8,2,0,0,0,0,1.0,1.0,2.1,3.1"
"481,Adama Traoré\9a28eba4,FW,37,28,2649,29.4,2,2,0,4,0,2.2,2.2,5.4,7.7"
"482,Bertrand Traoré\c47541e0,FW,36,29,2317,25.7,6,7,0,1,0,6.4,6.4,3.2,9.6"
"483,Trézéguet\3ae14ed1,FW,21,12,1166,13.0,1,2,0,0,0,3.8,3.8,2.0,5.8"
"484,Leandro Trossard\38ceb24a,FWMF,35,30,2607,29.0,5,5,0,2,0,5.1,5.1,4.3,9.4"
"485,Kostas Tsimikas\f315ca93,DFFW,2,0,7,0.1,0,0,0,0,0,0.0,0.0,0.0,0.0"
"486,Axel Tuanzebe\2baec6ce,DF,9,4,404,4.5,0,0,0,2,0,0.0,0.0,0.0,0.0"
"487,Cengiz Ünder\1880614f,MFFW,9,1,281,3.1,2,0,0,0,0,0.3,0.3,1.8,2.0"
"488,Yan Valery\531a4aa8,DFMF,3,1,103,1.1,0,0,0,0,0,0.3,0.3,0.0,0.3"
"489,Jamie Vardy\45963054,FW,34,31,2840,31.6,9,7,8,1,0,19.7,12.8,4.9,17.8"
"490,Joël Veltman\dad4b285,DF,28,25,2281,25.3,1,1,0,3,0,1.4,1.4,1.1,2.5"
"491,Jannik Vestergaard\1900032e,DF,30,29,2574,28.6,0,3,0,3,1,2.1,2.1,0.6,2.7"
"492,Rúben Vinagre\b937e490,DF,2,1,173,1.9,0,0,0,0,0,0.0,0.0,0.0,0.0"
"493,Carlos Vinícius\8b529245,FW,9,3,308,3.4,0,1,0,2,0,1.4,1.4,0.1,1.5"
"494,João Virgínia\728e9b2e,GK,1,0,48,0.5,0,0,0,0,0,0.0,0.0,0.0,0.0"
"495,Vitinha\3b029691,MF,19,5,520,5.8,1,0,0,0,0,0.6,0.6,0.7,1.3"
"496,Jake Vokins\d484c261,DF,1,1,66,0.7,0,0,0,0,0,0.0,0.0,0.2,0.2"
"497,Mat?j Vydra\0d4ceb32,FW,28,15,1371,15.2,2,3,0,0,0,6.1,6.1,1.8,7.8"
"498,Theo Walcott\1ecb65be,FW,1,0,13,0.1,0,0,0,0,0,0.0,0.0,0.0,0.0"
"499,Theo Walcott\1ecb65be,MFFW,21,20,1618,18.0,3,3,0,0,0,3.0,3.0,1.2,4.2"
"500,Kyle Walker\86dd77d1,DF,24,22,1946,21.6,1,1,0,1,0,0.2,0.2,0.5,0.8"
"501,Kyle Walker-Peters\984a5a64,DF,30,30,2645,29.4,2,0,0,4,0,1.1,1.1,1.4,2.5"
"502,Aaron Wan-Bissaka\9e525177,DF,34,34,3060,34.0,4,2,0,3,0,0.9,0.9,2.4,3.3"
"503,Joel Ward\8a7ff278,DF,26,25,2256,25.1,1,0,0,5,0,0.1,0.1,0.4,0.5"
"504,James Ward-Prowse\3515d404,MF,38,38,3420,38.0,7,5,3,5,0,5.3,2.2,4.1,6.3"
"505,Ollie Watkins\aed3a70f,FW,37,37,3328,37.0,5,13,1,4,1,16.0,14.5,4.2,18.7"
"506,Caleb Watts\c7170b46,MFFW,3,0,39,0.4,0,0,0,1,0,0.0,0.0,0.0,0.0"
"507,Adam Webster\c40b6180,DF,29,29,2594,28.8,0,1,0,4,0,1.2,1.2,0.2,1.4"
"508,Danny Welbeck\ce5143da,FW,24,17,1545,17.2,1,6,0,0,0,6.8,6.0,2.2,8.2"
"509,Timo Werner\49fe9070,FW,35,29,2602,28.9,8,6,0,2,0,11.9,11.9,6.1,18.0"
"510,Ashley Westwood\495945ef,MF,38,38,3410,37.9,3,3,0,7,0,1.1,1.1,5.0,6.2"
"511,Ben White\35e413f1,DFMF,36,36,3191,35.5,0,0,0,5,1,0.7,0.7,0.7,1.4"
"512,Georginio Wijnaldum\eb58eef0,MF,38,34,2941,32.7,0,2,0,1,0,3.2,3.2,1.7,4.9"
"513,Brandon Williams\5e74d6c8,DF,4,2,188,2.1,0,0,0,0,0,0.1,0.1,0.0,0.1"
"514,Neco Williams\dd323728,DF,6,3,249,2.8,0,0,0,1,0,0.1,0.1,0.3,0.4"
"515,Rhys Williams\012c975a,DF,9,7,661,7.3,0,0,0,0,0,0.5,0.5,0.4,0.9"
"516,Willian\8b9ebd03,FWMF,25,16,1406,15.6,5,1,0,0,0,2.1,2.1,2.5,4.6"
"517,Joe Willock\a3b03921,MF,7,2,238,2.6,0,0,0,1,0,0.4,0.4,0.0,0.5"
"518,Joe Willock\a3b03921,MF,14,11,978,10.9,0,8,0,0,0,3.6,2.6,0.7,3.4"
"519,Callum Wilson\c596fcb0,FW,26,23,2084,23.2,5,8,4,2,0,11.3,8.2,2.2,10.5"
"520,Harry Winks\2f7acede,MF,15,9,861,9.6,0,0,0,5,0,0.1,0.1,0.3,0.3"
"521,Chris Wood\4e9a0555,FW,33,32,2741,30.5,3,10,2,0,0,13.3,11.8,2.2,14.0"
"522,Granit Xhaka\e61b8aee,MFDF,31,29,2522,28.0,2,1,0,7,1,0.8,0.8,1.6,2.4"
"523,Andriy Yarmolenko\849c826a,FWMF,15,1,375,4.2,1,0,0,3,0,0.4,0.4,1.0,1.4"
"524,DeAndre Yedlin\ae0a7ddf,DF,6,5,436,4.8,0,0,0,0,0,0.1,0.1,0.1,0.2"
"525,Okay Yoku?lu\e49ce451,MF,16,15,1317,14.6,1,0,0,4,0,0.9,0.9,0.6,1.5"
"526,Wilfried Zaha\b2bc3b1f,FW,30,29,2612,29.0,2,9,2,6,0,7.5,5.9,3.3,9.2"
"527,Andre-Frank Zambo Anguissa\6bb2c084,MF,36,29,2587,28.7,3,0,0,6,0,1.8,1.8,2.2,4.1"
"528,Andi Zeqiri\d01231f0,FWDF,9,0,171,1.9,0,0,0,0,0,0.6,0.6,0.1,0.7"
"529,Oleksandr Zinchenko\51cf8561,DF,20,15,1478,16.4,0,0,0,0,0,0.7,0.7,1.3,2.1"
"530,Hakim Ziyech\6622454d,FWMF,23,15,1172,13.0,3,2,0,3,0,1.9,1.9,3.7,5.6"
"531,Kurt Zouma\ce4246f5,DF,24,22,2029,22.5,0,5,0,3,0,1.8,1.8,0.0,1.9"
"532,Martin Ødegaard\79300479,MF,14,9,866,9.6,2,1,0,0,0,1.1,1.1,2.1,3.2"
